name,ratings,date,helpful vote,comment
Suhyun Kwon,1,2019년 5월 8일,0,빔프로젝터에 블루투스로 연결해서 스피커로 사용할때 음량 조절이 안돼요. 헤이카카오 본체 소리를 높이거나 줄여도 반영이 안되고 빔프로젝터 자체 소리를 조절해도 반영이 안돼요. 그리고 앱 내에서 리모컨으로 소리 조절하는게 버튼 디자인이라서 소리를 최대로 키운건지 얼마나 키운건지 가늠이 안돼요. AI 기능도 중요하지만 기본적인 볼륨 조절이 잘 안되니 스피커로서의 가치가 떨어집니다.. 업데이트 좀 빨리 해주세요..
changhoon You,3,2019년 5월 5일,0,이거 해외에서는 기기위치 인식 기반 기능운 사용 할 수 없나요? 제가 베트남 호치민에 있는데... 기기위치 인식을 못하네요..
한별,3,2019년 4월 13일,4,"제가 가장 많이 사용하는 기능은 음악, 날씨, 알람 이정도 인거 같은데요 음악 많이 듣는 사람들에게 매우 좋아요 근데 진짜 아쉬운 점은 자기전에 음악 듣다가 아침에 알람은 큰소리로 듣고 싶을때!! 따로 음량조절을 못한다는거 아닐까요? 음악 1, 카카오음성 2, 알람 4 크기로 듣고 싶은데.. 욕심일까요?"
김재현,5,2019년 2월 24일,53,카카오미니 잘 쓰고있습니다. 하나 바라는것이 있다면 카카오미니한테 음성명령이 아닌 카톡으로 명령을 내리고 싶을때가 있습니다. 집안에서 밤시간대나 조용히 해야할때 굳이 말보다 키보드타이핑으로 하면 더욱 편리할것같습니다. 이렇게 되면 굳이 카카오미니 근처에 있지 않아도 집밖에서 원격으로 카카오미니를 조종할수 있게됩니다. 그럼 IOT가 열리게 되는것이죠. 어차피 우리가 말한것을 텍스트화 시켜서 분석하는것으로 알고있는데 그런면에서 텍스트로 쳐서 전송하는건 프로세스가 하나 줄어드는것이고 음성보다 정확도도 더욱 높기때문에 불가능한일은 아니라고...전체 리뷰
pp lee,1,2019년 2월 21일,26,지니 클로바 카카오 셋 중에서 제일 기능적으로 떨어지고 인식률도 후짐. 앞 두 기기는 꾸준히 기능 업데이트 중인데 카카오는 대체 뭘 업데이트 하는지도 모르겠음. 다른 기기들 기능 레퍼라도 좀 해라.. 샀으니까 어쩔 수 없이 쓰는 중이지만 한번만 더 먹통되면 갖다버리고 클로바나 지니 살것임. 아 인식률도 개후져서 세번 불러야 인식되는데 아침에 그러면 혈압올라 잠깨기 좋음
김소현,1,2019년 4월 24일,0,아니 공유기 바로 옆에있는데 왜 네트워크가 불안정하대... 가만히 티비보고있는데 왜 티비소리에 너가 반응해... 미세먼지 농도 알려달라구 하면 초미세먼지 농도도 알려줘... 누구는 일 잘하잖아... 설마 너도 받은만큼 일하는거니?
quak kwon,4,2019년 4월 28일,1,이거 대학교 와이파이처럼 아이디랑 비밀번호 둘다 필요한 네트워크에는 연결을 못해요. 와이파이 연결에 필요한 네트워크 설정을 좀 더 상세하게 입력 할 수 있도록 해주세요
Ugly Kid,3,2019년 3월 17일,2,"카카오미니를 사용하고 있던 어느날 카카오미니를 부르니 앱설치를 요구하더군요 하지만 전 앱이 설치가 되 있었고 지웠다 다시 깔고 로그인까지 마치고 난 뒤 다시 부르니 앱설치를 또 요구하여 몇번을 반복해도 결과는 같았습니다 와이파이 문제 없었고, 돈도 내며 듣고 싶은데 못 들으니 많이 섭하네요ㅠㅠ 해결방법좀 알려주세요"
강남백공,5,2019년 4월 18일,3,마약같은아이...단점:집에서 계속 부르며 음악선곡과 대화연습 시켜 댔더니 어느새 장보러 나가서도 차안에서도 나도모르게 부르고 있음. 사용시 매력에 푹빠져 헤어나올수 없을수도 있으니 적당히 거리를 유지 할것!
송쌤,4,2019년 2월 28일,0,지니와 같이 쓰고있는데 지니보다 인식률 좋고 친밀감 있는 어투를 써서 재밌어요. 지니 3개랑 카카오미니 2개 쓰는 사람입니다. 감도조절이 되서 효과가 좋은듯한데 조금 민감하게 해두면 편하더라구요. 조그맣게 카카오야 해도 알아듣고요. 스피커랑 혼연일체이니 당근 음악소리를 너무키운 상태엔 어렵겠죠. 카카오미니 리모컨에 줄달아 목에 걸고 다니면 나을지도...ㅎㅎㅎ
강정순,4,2019년 2월 26일,1,헤이카카오 사용자인데요. 원래 핫스팟과 블루투스로 연결하는데. 연결하고.. 몇시간뒤 헤이카카오랑 연결햇던 핫스팟이 끄너집니다. 그래서 첨에 내 폰이 문젠가 하면서 폰을 일단 껏다 키고 난다음 헤이카카오앱에 들어가 등록되엇던 기기 삭제하고 다시 연결햇음에도 불구하고 자꾸 끊겨집니다. 그덕으로인해 항상 알람 맞추는게.. 안될때도잇어여 네트워크 불안합니다 이러면서요..ㅠ 해결방법 부탁드려요.
요로링,2,2019년 2월 21일,2,답변 부탁드립니다. 헤이카카오 어플에 알람 목록에는 알람 설정한게 뜨는데 정작 알람은 안울리네요.. 전에는 잘 됐었는데 3달 전부터 안되는데 왜 그런가요..?
KS. J,2,2019년 4월 6일,0,안녕하세요. 최근에 오랜만에 다시 카카오미니를 사용하려고 켰는데 연결할 수 없다고 반복해서 뜹니다... 연결도 원활하고 한데 왜 갑자기 연결할수 없다고 뜨는지... 확인 부탁드립니다.
이원균,1,2019년 4월 27일,1,세상에나...카카오가 이런식으로 장사를 하다니...후..기기값도 엄청 비싼데 네트워크 연결도 안되게해서 기기를 못쓰다니..
최효준,5,2019년 2월 18일,3,카카오는 음성모델 수집에 별로 관심이 없으신가요... 안드로이드 디바이스 도우미로 구글어시스턴트 대신 카카오 쓰게 해주세요...ㅠㅠ... 폰에서 헤이카카오 부를때마다 라이언과 무지가 나오게 해주세요... 기능은 많이 바라지 않을게요.....ㅠㅠ.... 카카오미니는...너무 비싸고 쓸데가 없어요... 옆동네 클로바는 스피커 없어도 되던데...
Google 사용자,1,2019년 3월 5일,2,"개발자가 무능한건지 생각이 없는건지 몰라도 거의 대부분의 명령을 음성으로만 가능하게합니다. 알람음 설정하려고 명령하면 전혀 다른 가수의 노래로 설정됩니다. 아직 불완전한 기술인만큼 이런건 감안할수 있지만, 그러면 최소한 피드백등을 비음성적인 방법으로 할수있게 해야하는데 그런거 없습니다. 제품 퀄리티는 저급하게 만드는 주제에 카카오프렌즈만 끼워팔기 하는거도 한계가 있습니다. 그러다 망합니다."
김형민,3,2019년 3월 1일,27,"알람좀.. 일주일에 5일이나 6일만 반복알람 설정하고, 안되겠으면 어플에서라도 설정 가능하게 해주세요."
Youngeun Choi,1,2019년 3월 25일,2,저 이번에 갤럭시 s10으로 바꾸면서 블루투스 연결하려하는데....안 돼요ㅜㅜ나만 그래요???? 하 진짜 속터져요 제발 누가 좀 알려줘요 폰이 문제가 있는 건지 어플이 문제인 건지ㅜㅡㅜㅜㅜㅜㅜㅡ
Hojoon Yoo,1,2019년 3월 1일,6,"어쩐지 싸게 팔더라니.. 집에 누구캔들, 구글 미니 홈, 카카오 미니 c 3개 있는데 제일 후진에 카카오 미니 c 임. 누구 캔들이 최고임. 서비스도 개판인 머저리 스피커 사지 마세요. 서비스 제휴도 턱없이 모자라고 근본 마인드가 글러먹었음."
김병환,5,2019년 2월 23일,7,다좋은데 와이파이 비번 걸려있는거 연결시 한번 입력하면 자동으로 잡아주면 참 좋을것같습니다 매번 입력하려하니 힘드네요ㅜ
임희정,4,2019년 4월 10일,1,좋지만 진짜 입 벌리기싫을 때나 아기가 잠들었을때 등 조용히해야할 때 핸드폰앱으로 명령하면 해줬으면 좋겠어요.. 그리고 혹시몰라 긴급전화도 있었으면 좋겠고 특정노래를 틀어달라하면 그 노래가나오고 다음엔 계속 반복이아닌 알아서 유사곡이 나왓으면좋겠어요 반복하고싶으면 반복해줘라고 하면되니깐요
Mr Mystery,1,2019년 3월 23일,2,"기기등록 및 연결이 안됨, 하라는 대로 해도 안됨, 토요일이라 고객센터 안함ㅡㅡ"
Google 사용자,3,2019년 3월 31일,0,잘 쓰고있었는데 네트워크 연결이 끊어졌네요 그러고 다시 연결이 안되서 못쓰고있어요......
꽃별,5,2019년 4월 19일,0,카카오미니잘쓰고있습니다 근데 혹시 카카오미니 기능업데이트좀잘해주시고 영어일본어중국어등 회화를할수있게만들어주세요
김지연,3,2019년 3월 8일,4,미세먼지랑 초미세먼지 좀 한번에 알려주세요 꼭 두번씩 물어야 하니 번거로워서 폰 어플로 확인하고 마네요... 음악이랑 라디오 듣는거 외엔 활용성이 넘 떨어져요 ㅡ ㅡ
김보미,2,2019년 5월 12일,0,쓸데없이 위치정보 키라고하지좀 말았으면 좋겠음
봄봄,1,2019년 3월 28일,0,추천 음악 자동 재생 OFF 못해요. 할 수 있는 일이 아니래요.
Su Lee,5,2019년 3월 10일,10,호출명령어를 따로 추가하도록 해주시면 감사하겠습니당~^^
Soo Yeon SHIN,1,2019년 3월 27일,0,네트워크에러 걍 방치하는거? 하... 딴거써야하나 ㅡㅡ
Jung Min Lee,1,2019년 3월 11일,3,네트워크 안잡히는 에러 안고치나요? 답도없고 기기 계속 방치중ㅡㅡ 진짜 짜증남!!!!!!!!
JIN ERSO,3,2019년 2월 26일,3,멜론만 연동되는건 너무 아쉬움. 지하철 언제오는지도 빨리 추가해주세요.
minsoori,5,2019년 4월 2일,0,음악 자동재생 왜 자꾸 하죠 하지 말라하면 지가 못한다고 하고 진짜
월월월,5,2019년 3월 20일,4,월요일은 6시 화~금요일은 5시 이런식으로 알람 설정이 가능했으면 좋겠습니다
이재흥,1,2018년 12월 24일,20,고객센터에 신고해도 접수했다고만하고 일주일이 넘어가도 감감 무소식이네. ㅡㅡㅡㅡㅡㅡㅡㅡㅡㅡㅡㅡㅡㅡㅡㅡㅡㅡㅡㅡ 카카오미니하고 핸드폰이 연결되지 않습니다. 새기기라고 카카오미니 번호는 나오는데 네트워크가 안보입니다. 집안에 있는 다른기기는 모두 와이파이인식을 잘하는데 왜 카카오미니만 인식을 못하는겁니까? 빨리 대책을 마련해주세요.
Google 사용자,1,2019년 1월 3일,3,지금까지 잘 쓰고 있었는데 이사를 와서 카카오를 연결하려고 하니 갑자기 폰과 연결을 할 수 없다고 뜨네요. 지금까지 계속 괜찮았는데 왜이러는건가요? 다른 집안의 기기들은 네트워크 연결도 잘 되는데 카카오만 연결을 못하는것 같네요. 고쳐주시기 바랍니다.
곽무경,1,2018년 12월 28일,2,이번에 6개 구입했는데 한개 개봉해서 해보니 헤이카카오앱만 와이파이 네트워크 연결이 안되는군요. 테더링설정해서 모바일 핫스팟으로해야만 연결이 됩니다. 와이파이로 안되면 데이터랑 밧데리는 어떻게 감당하겠나요? 다른분들도 모두 같은 현상인데.. 이거 6개 다 환불 받아야하나요? 어떻게 해야 사용되나요? 참 이거 난감하군요. 광고랑 너무 다르네요. 소비자고발원에 알려야하나요? 저같은 피해자가 상당할텐데
두부,1,2019년 1월 3일,2,왜 말을 갈수록 못 알아듣습니까? 영 답답해서 날씨 물어보는 정도가 정신 건강에 이로울 정도예요. 특히 멜론 기능 사용하는 데에 불편함이 많습니다. 음성인식ai 사용자 대부분이 음악재생을 가장 많이 이용할텐데 영 엉성합니다. 사용자가 저장해둔 플레이리스트 재생도 가장 최근 리스트만 재생되고 한 가수의 앨범 한 장을 통으로 반복해서 듣고 싶을 때도 앨범명을 아무리 말해도 인식률이 엉망이네요. 라디오로 쓸 거면 카카오미니 뭐하러 씁니까. 정보 검색도 폰으로 하는 게 훨씬 빠른데요. 게다가 라디오도 FM4U 틀어달라고 하면 걍 SBS 틀...전체 리뷰
워니.w,1,2018년 12월 15일,22,집에 있는 다른 기기들은 와이파이 잘만 찾는데 이것만 지금 며칠째 연결못하고 있어요 .. 이제껏 아무 문제없었는데 도대체 업데이트를 어떻게 했길래 못 찾는건지.. 댓글만 봐도 같은 문제 겪고 있는 분들이 많은거 같은데 아무런 피드백도 없네요! 빨리 해결책이든 사과든 반응을 보여줬음 하네요.. 언제까지 기다리기만 해야하나요?!!!!
이화용,1,2019년 1월 1일,3,블루투스 연결되고 카카오미니기기번호는 뜨는데 와이파이 네트워크 등록이 안됩니다. 아예 와이파이를 못찾네요. 다른 기기는 와이파이 아무 문제 없거든요 구매하고 카카오미니 받자마자 아직 첫사용도 못하고 있어요. 그리고 제 기기가 이상한게 아니라 다른 고객들도 같은 문제로 사용 못한다는 글 안보시나요? 빨리 해결하세요. 책임도 지세요. 안그럼 가만 안있겠습니다.
HONG YH,1,2019년 1월 4일,2,뉴스듣기용. 알람 설정은 했는데 안울림. 일정 등록은 되는데 일정 알려 달라고 하면 없다고함. 멜론 이외 연동되는 음악어플 없음. 카카오톡 답장으로 '아니' 라고 보내줘 라고하면 카톡보내기를 취소함. 와이파이를 못잡아서 5번정도 껏다킴. 필요한 부분에서 불편한게 많음.
Jm.P Lemon,1,2018년 12월 25일,11,저랑 같은 현상인 분들이 많아서 놀랐어요. 저는 올해 초 구매해서 3일 쓰다 계속 사용 못하고 있어요. 업데이트 되면 나아지겠지 한 게 벌써 1년인데..어떻게 이 많은 리뷰에 댓글 한 개가 없나요....카카오에서도 열심히 만든 물건 아닌가요...있으나 마나한 물건 만들지 마시고 피드백이라도 해줘요...
최재웅,1,2019년 1월 4일,3,"노래,라디오 틀어줄땐 잘 틀어주는데 조카랑 놀아주려고 그냥 단순한 2빼기1은 뭐야? 하면 뭘까? 이러고 엄마나 아빠말하면 그냥 정말? 이러고 말아요 이정도 성능이면 그냥 블루투스 스피커 사서 노래랑 라디오 듣는게 낫지 뭐하러 AI스피커를 사는거죠? 그리고 네이버 클로바는 리뷰작성하면 최소한 댓글이라도 달아주던데 카카오는 뭐하는거에요? 댓글달린 리뷰를 찾을수가 없네요"
Ben Hong,1,2019년 1월 19일,13,"기기 컨트롤할때, 조명은 꼭 조명이라고 해야하는거 고쳐주세요. 거실에 스마트전구와 아울렛에 꽂힌 스탠드 조명을 한번의 명령어로 제어하고싶어요. 거실조명꺼줘, 거실플러그꺼줘를 두번해야하네요. 커스텀 명령어는 클로바는 지원합니다."
Jun Jung,1,2019년 2월 7일,6,"알람 공휴일 빼고 울리는거 추가해주세요 음악정보연결이 지연되고 있어요. 잠시후에 다시 시도해주세요.라고만 말하네요. 오류가 나면 카카오미니가 오류코드를 말 하던지, 어플상에서라도 볼 수 있으면 검색이라도 해볼텐데 답답하네요"
김소나무꽃,3,2018년 11월 29일,2,제가 네트워크 연결이 안되는 오류를 해결했습니다! 별짓을 다했는데 따라해들 보세여. 헤이카카오 앱 삭제 폰이랑 미니 전원재부팅 기존 집 와이파이말구 휴대폰 핫스팟으로 연결시도 이걸 어젯밤에 골백번 했는데 안됨 카카오미니 전원끄고 잠 아침에 다시 집와이파이로 시도했으나 안됨 혹시나하고 다시 핫스팟으로 연결해보니 성공! 이상태에서 네트워크 집 와이파이로 변경하니 됨. 기기를 너무 오래켜둬서 피곤했던건가? 여튼 혹시모르니 열분도 시도해봐영~
Olivia H.,4,2018년 11월 27일,3,"나의 작은 비서로 잘 사용하고 있어요. 다만, 굳이 '조용해줘, 쉿' 이런 음성명령을 통한 종료가 아니라 헤이카카오 앱을 통해서 현재 재생중인 콘텐츠 종료를 컨트롤 할 수 있는 제어 아이콘이 있었으면 합니다."
Hyun-Jun Joo,2,2018년 12월 4일,1,진동상태에서 앱을 사용시 강제로 진동상태를 해제합니다. 그리고 그 상태에서 앱을 사용하면 앱과 안드로이드 시스템 사이에 충돌로 인한 진동이 함께 옵니다. 그리고 가끔 오작동으로 멜론 미리듣기가 바로 실행됩니다. 전혀 쾌적하지 않습니다.
Google 사용자,5,2019년 1월 10일,1,"헤이카카오는 친구 겸용도 좋고 편리한것 같아요! 이런 좋은 AI랑 앱 만들어주셔서 감사합니당!! 앞으로도 많은 발전과 좋은 앱 등 편리한 기능이 더 추가됬음 하네요^^ 정말 감사드리고요! 정말로 추천해요! AI중에서 가격이 이렇게 저렴하고 기능도 좋고 편리한 기계는 처음이네요~:) 저는 쓰기 훌륭하고 좋다고 생각합니다! 그럼 가격 저렴하고 편리한 헤이카카오, 여러분도 많이 사랑해주세요~♥"
김성수,1,2019년 1월 31일,11,네트워크 설정이 안됩니다. 핸드폰 테더링 신호를 못잡네요. 반품 신청합니다. 반품신청 후 후기. 반품도 안된다고 하시고. 검사결과 문제 없다고 하시더니 역시나 똑같이 와이파이 계속 못잡고. 검사하신다고 2주나 가지고 계시더니. 이거 정말 너무 하네요. 너무 실망해서 가지고 있던 주식도 팔아버림.
Bo-yoon Jang,1,2018년 12월 24일,1,카카오미니의 음성인식률은 구*에 비해 매우!!!! 떨어지나 멜론 서비스 때문에 사용 중임. 그러나 카카오미니의 경우 검색 기능이 거의 무용지물임. 아직은 불편한게 한둘이 아니나 차차 나아지지 않을까? 카카오미니를 온/오프 하는 기능과 음성인식률을 극복하기 위해 앱과 연동할 수 있는 기능들이 앱에 포함 되었으면 함. 또한 카톡 읽어줄때마다 사용자 확인코드 말하라는데 이게 매우 불편함.
최은주,4,2018년 12월 14일,8,아니 왜 리뷰가 없어졌지.. 음.. 음악듣기 참 좋아요. 사실 음악듣는 용도로 99.8% 정도 쓰이는것같아요ㅋㅋ 나머지 0.2%는 뉴스나 알람 등 소소한것들. 카톡연동은 아직 잘 안쓰이게되네요.
juno son,1,2019년 2월 9일,4,"갑자기 네트워크 연결 왜 안 되는거에요??? (갑자기 네트워크 연결이 해제됬음) -> 확인하니, 헤이카카오 메뉴 우측상단 설정 모양창에 고객센터 수동연결하기가 있음. 졸라 어렵게 만들어 두심 ㅡㅡ;;"
Google 사용자,5,2019년 3월 26일,0,음성 반응도 좋고 다 좋은데 최소 볼륨을 조금만더 작게 할수있으면 좋겠어요~
Google 사용자,1,2019년 3월 24일,4,연결이 안되서 1년 처박아둠 별 한개도 아까운 ㅆㄹㄱ 스피커
Google 사용자,1,2018년 11월 30일,8,"집Wifi 연결/검색 오류해결 1.모바일 핫스팟로 네트워크 연결 2.펌웨어 업데이트(카카오미니에게 ""펌웨어 업데이트 해줘""1.9.2>>1.9.3) 3. 업뎃 완료 후 네트워크 변경하면 집wifi 보임 *단 펌업 시 데이터 200mb 소진"
Elaine kim,1,2018년 11월 28일,6,어제까지만 해도 잘되던게 왜 갑자기 집 와이파이를 못잡죠;; 다른 기기들 와이파이 정상 연결인데 카카오만 못잡아요ㅜ 저만 그런게 아니라 다들 갑자기 안되나봐요 초기화 앱삭제 별짓 다해봤는데 폰핫스팟은 잡고 넘의집 와이파이도 잡는데 정작 우리집 와이파이만 못잡고 있음ㅜ
유범석,5,2019년 1월 15일,2,외부스피커 연결해서 쓰는데 외부스피커 연결했을때 미니자체스피커 소리가 안나는건 좋은데 이게 미니하나만 연결했을땐 문제없는데 두대이상 연결해 놨을때 스피커에 연결해 놓은 tv볼때 간단하게 미니에 명령하면 미니소리가 안나서 스피커를 미니소리나게 모드를 바꿔야 하는 번거로움이 있네요 미니에 3.5파이 스피커단자 물렸을때 미니자체 스피커를 온오프 설정할수 있게 앱 업뎃해주심 안될까요^^~♡
김영아,1,2018년 12월 12일,1,나만 안되는게 아니었구나.... 선물받아서 신났다가...연결 안되서 슬퍼하고 있었어요.... 핸드폰 연결도 안되고..핫스팟도 못잡고.. 와이파이도 못잡고.....ㅜㅜ 해결 부탁드립니다.....ㅜㅜ 클로바는 바로 인식했었는데... 멜론 갈아타면서 카카오 미니 로 갈아탄건데....
최진아,1,2018년 11월 27일,25,와이파이 안잡힌다고 네트워크 자꾸 확인하래요ㅠㅠ 폰에서는 잡히는 와이파이가 카카오미니만 못 잡네요. 근데 여기와서 보니까 나만 안되는게 아닌듯하네요. 빨리 고쳐줘요!!
Google 사용자,5,2019년 3월 7일,2,정말 편리하구 기능도 너무좋네요
바리깡,4,2019년 1월 8일,1,"지금 폰 기기나 네트워크 연결 안되시는 분들 계속 여기서 피드백 기다리시지 말고 그냥 바로 고객센터?로 전화 걸어서 해결하세요! 저도 며칠 째 먹통이라 맛갔나 싶었는데 헤이 카카오 어플 측으로 문의 넣고 전화 걸고 해서 바로 해결함여. 설명해주시는데로 차근차근 행동하시면 됩니다. 그렇게 오래 걸리지도 않지만 1,2 분 걸리지는 않으니 여유 시간 확보될 때 걸어보세요. 저는 한 13분 걸림."
희수,1,2019년 2월 21일,2,노트9인데 연결이 안되요 ㅠㅠ
김일규,5,2019년 2월 16일,1,핸드폰의 아리야 보다는~~~~굿
4u dancer,3,2018년 11월 23일,11,와이파이연결은 뭔가욤??? 블루투스 혹은 와이파이로 연결되는건가용? 와이파이가 뜨길래 와이바이 기능도 하는줄 알았어여 분명최신버전이고 몇달전 새기기로 받았을땐 잘되는데 와이파이나 블루투스 둘다연결이안됩니다 lg x4+ 입니다
매화적홍,2,2018년 11월 30일,4,"집 와이파이만 안잡혀서 사용을 못하고있어요..기기랑 공유기 초기화해도 며칠째 안됩니다.as접수를 해야하는지, 집에서 다른 조치 할것이있는지 공지라도 좀 해주세요.."
메리[ 아미 ],1,2019년 1월 25일,3,이거 와파 한번 없는데 갔더니 다시 와파 연결하려고 하는데 안되네요 . 그래서 내 와파가 잘안되는건가 ? 했더니 잘도 되는데 왜 이 앱만 이렇게 될까요 ? 피드백이나 줘 봐요 계속 이럴꺼면 신고나 해야 할까요 ? 예전에 진짜 잘썼는데 이번 여행이후로 정말 최악이네요 . 제발 고쳐주세요 ㅜ 그리고 저만 이런거 아닌거 같네요 . 이앱 사용하면서 불만 있으신 분들이 댓이나 썻는데 제발 피드백 주세요 .
장종숙,1,2018년 11월 30일,6,네트워크오류로 공유기 와이파이가 안잡힙니다 휴대폰핫스팟도 안잡히고 열번두넘게 초기화하고 앱두다시설치해도 안되고!ㅠ 빨리조치해주세요 ~ 삼일째입니다...
행복,5,2019년 1월 8일,2,"어플연결이안돼서 고객센터로 연결햇고.. 이래저래 이야기하는데 카카오보고 넌가족이잇냐고물었는데, 너가나에가족이잖아~이러는데,눈물날뻔.. 카카오야 고마워"
얼굴,2,2018년 11월 27일,5,갑자기 네트워크 연결이 안된데요. 폰에서는 와이파이가 잡히는데 카카오미니는 저의집 공유기빼고 다 연결되요. 빨리 해결해주세요.
Google 사용자,1,2018년 12월 16일,2,진짜 다시 연결하는데 두시간 걸렸네요 ㅡㅡ 앱삭제하고 미니 버튼 두개 눌러서 초기화하고 핸폰도 껐다켜고 테더링 연결시켜서 겨우 연결시킨뒤에 펌웨어 업데이트시키고 겨우 와이파이 연결했네요 짜증ㅡㅡ 최근 한 삼주동안 쓰지도 못하고 ㅡㅡ 진짜 제대로 좀 합시다
박연실,1,2018년 12월 27일,2,아니 잘 쓰고 있었는데 갑자기 왜 인식이 안되나요. 헤이카카오라고 몇번을 불러도 대답도없고 어쩔땐 삐빅하고 들을 준비 된거같더니 바로 말해도 아무 반응 없고 잘되던게 갑자기 왜이러나요ㅡㅡ 짜증나네..
H.F. Kais,1,2018년 12월 6일,1,"펌웨어 1.9.4 업데이트 후 잡음이 심해진거 같습니다. 기존 버전에도 음성출력시 잡음이 있긴 했지만 거슬리지 않을 정도였는데, 이번 1.9.4 펌웨어에선 잡음이 거슬릴 정도네요."
dog wild,1,2018년 12월 3일,1,펌웨어 업데이트 명령하면 그냥 재부팅됨니다. 몇 번을 시도해도 같네요 고객센터는 전화도 안받고..와이파이 연결 안되서 공장 초기화해서 퍼웨어가 1.0.0.-1.5.5로 변경됨. 방벌 올려주세요.
수빈,1,2019년 2월 1일,3,왜 갑자기 음악이 안되죠? 음악 틀어달라니까 그 아티스트고 노래고 없다그러고 실시간 차트 틀어달라니까 또 없다그러고 저 진짜 몇년간 짜증나고 꾹 참고 썻는데 이러면 어쩌라는건가요 장난하세요?
kyoung-hong park,1,2018년 12월 12일,5,아직은 많은 업데이트가 필요합니다..음성인식률이 미흡하여 일단 뭔가 요청이안됨..타 AI 어플에 비해 인식률이 떨어 집니다....
서성재,2,2018년 11월 28일,6,쫌!!! 이거 갑자기 안돼요 저는 어제부터 깁자기 안되던데 님들도 당황스러울 테지만요 저희는 더 당황스럽고 불편해요 최대한 빠르게요 빠르게 한다고 대충하진말고 다소 늦더라도 다신 이런일 없게끔 해주세요
Google 사용자,1,2018년 11월 28일,1,갑자기 와이파이가 안잡히나요? 폰에서는 와이파이가 잡히는데 카카오미니만 안잡히네요. 저만의 문제가 아닌거 같은데 빨리 해결해주세요.
23 1,3,2018년 12월 16일,2,팟빵을 많이 이용하는데 1부만 나오고 2부는 안나옴...왜죠... 그리고 광고 스킵하고 싶은데 스킵이 안됨 ㅠㅠㅠ 배속 조절이랑 10초 앞뒤로 조절기능좀 ㅠㅠㅠ 제발류ㅠㅠㅠㅠ
정육영,5,2018년 12월 14일,2,"와이파이 설정해놓으면 자동으로 연결시켜서 매번 연결하지 않아도되고 좋아요~ 3살 아들이 밥을 안먹으려 할 때, 양치질 하지 않으려할 때 특히 유용하네요ㅎㅎ 구* 보다 노래도 잘 찾아서 틀어주고~ 목소리 인식도 잘하네요ㅎㅎ 요즘 카카오덕분에 노래도 자주 듣고~ 가족들끼리 웃네요♬ 아, 근데 노래는 멜론 이용권을 구매해야한다는 점.. ㅋㅋ 저는 원래 멜론 이용권을 매달 정기결제하는 터라 스피커로 스트리밍할 수 있는 걸로 추가결제했는데.. 평소 멜론으로 음악듣지않으시는 분들은.. 난감할거같아요^^; 여튼 우리 가족은 카카오가 딱 맞아요♥"
정천옥,1,2019년 2월 7일,2,네트워크 재설정 이렇게 하면 해보세요. 일단 헤이카카오앱은 정말 드럽게 못만든앱입니다. 네트워크가 끊긴후 다시 설정할때 와이파이찾으러 무한반복을 하는 오류가 있는데 저는 이렇게 고쳤어요. 우선 블루투스에 있는 카카오를 찾아 블루투스해제시킵니다. 다시 블루투스로 연결하고 첨부터 다시 헤이카카오에서 카카오 기기찾기 설정하면 네트워크가 찾아질수도 있습니다. 결론은 블루투스의 카카오를 삭제하고 다시해보시라는 얘기입니다.
최유정,4,2019년 2월 28일,1,kbs 클래식 fm 라디오 재생중에 자주 끊겨요
Google 사용자,1,2018년 12월 28일,3,오늘 택배 택배도착해서 헤이카카오 앱 다운받고 연결했는데 연결은안돼요 연결시도하면 헤어나지 오 앱 설치하라고만 나오고 어떻 해야하죠? 다른폰도 안되고 ㅠㅠ
Sungmin Choi,2,2018년 12월 26일,1,우리 카카오가 자꾸 가까워 라고하면 지가 대답을해요 피곤해요 자꾸 떠들어서.. 뉴스채널좀 확대해주세요 따로제작된뉴스음성은 듣기가 넘 불편해요 kbs1 라디오 같은 뉴스 라디오방송을 확대해주세요 청취가능한 라디오 목록도 별도로 확인할수있게해주세요 나오는게별로없어요 영어라디오 아리랑라디오는 누구아이디어인가요 cnn이나 bbc 열어주셔요
Jeong ae Jeon,1,2019년 1월 20일,9,아 진짜 기기 쓸때마다 느끼는건데 연결 한번 끊기고 나면 다시 기기연결하기 너무 힘들어요 하루종일 기기검색중 ㅡㅡ 진짜 씅질나서 못쓰겠습니다 ㅠㅠ 돈아까움 짜증남
Google 사용자,3,2018년 12월 11일,2,헤이카카오 위젯을 만들어주면 더편리할것 같아요 소리조절이나 그 외다른 기능들을 화면에 있는 위젯으로 관리하면 더 편할것 같아요
임강희,1,2019년 1월 26일,6,와이파이네트워크 선택메뉴에서 와이파이 리스트가 안나와요 한두명이 올린게 아닌데 왜 아직 해결이 안된건가 이건 최우선 해결사항 아닌가요?
Google 사용자,5,2018년 12월 22일,2,카카오미니 잘 쓰고있어요. 다만 버스시간 기능을 쓸 때 즐겨찾기를 해서 집 근처버스를 한번에 알아볼수 있으면 좋겠어요
Google 사용자,2,2019년 1월 23일,6,네트워크 연결 안되는부분 한두사람이 아닌거같은데 빠른시일내에 해결해주시길 ..지금까지 잘썼는데 와이파이 바꾸고 다시하려니 말썽이네요
ouirryuuk lee,1,2019년 1월 5일,1,와 이거 왜 생산하지?...중국산 보다 못한 국내산 세상에 와이파이 연결이 안되는 이런걸 왜 팔지...? 여러분 이거 어떻게 해야됩니까?
Woori Library YT,3,2018년 11월 25일,4,혹시 멜론 말고 지니음악은 안될까요? kt라서 혜택이 지니뮤직이 더 좋아서요. 지니뮤직으로 음악 재생하는 법이 궁금해용
손한나,3,2018년 11월 27일,4,와이파이 연결이 안되요 폰에서는 잘되는데 앱에서는 해당 네트워크를 못 찾네요 다행히 저만 그런건 아닌거 같으니 곧 수정해 주시겠죠
은미리,4,2018년 12월 28일,1,좋아요 ㅋㅋㅋㅋ 핸드폰 찾아주는거랑 노래. 평일.주말.매일 알람 반복가능한걸 깨달으니까 좋네요 ! 근데 멜론재생목록연동과 알람과 명령 노래 이런 건 소리 조절이 구분됐으면 좋겠네요
Google 사용자,5,2019년 2월 4일,3,"다른분들이 네트워크 설정이 안됀다고 하시는데 저도 그랬어요. 제가 설정하는 법 알려드릴게요.저희집 와이파이 이름이 한글이었어요. 헤이카카오가 와이파이를 못찾는다고 뜨면 와이파이 이름을 영어로 바꿔야해요. 그리고 블루트스도 켜놓고,실행이 돼면 키면 됍니다"
Eunhye Kim,2,2019년 2월 14일,12,음악듣기 왜 멜론만 되는건가요 다른데도 해주세요
BORA SHIN,1,2018년 11월 28일,3,왜 갑자기 네트워크연결이 안되는거죠??? 폰에서는 잡히는 와이파이가 왜 카카오미니는 못 잡는거죠???? 리스트에 왜 안뜨는거죠???
이한결,1,2018년 11월 30일,5,이거 갑자기 와이파이를 못잡아서 이틀째 사용을 못하고 있어요 저만 그런건 아닌것 같은데 혹시 언제쯤 고쳐지나요?? 많이 불편하네여
Google 사용자,3,2019년 2월 1일,2,처음엔 안그랬던것같은데 요즘은 와이파이도 블루투스도 연결이 불안정한것같아요.
오나영,2,2018년 11월 20일,12,카톡 읽기가 안돼요 사용자 코드 제대로 말했는데도 계속 인식 못하고 잘못됐다구 그러네요 ㅠ.ㅠ 어떻게 해결해야하죠?
BYEUNG YONG JANG,5,2019년 1월 26일,2,안드로이드 오토에서 '카톡을 읽어줘' 실행되게 해주세요. 부탁드려용~
Google 사용자,1,2018년 11월 25일,4,네트워크문제가 일어나서 껏다도켜보고 혹시내폰 문젠가해서 폰도껏다키고 와이파이도 껏다켜봐도 연결이 안된다고 하는데 왜그러는건가요
신지훈,1,2018년 12월 22일,1,야 안써 다시 가져가라 진짜 절대 사지마라ㅡㅡ 연결 절대안됨 이건 네트워크도 아니고 그전에 기기연결 자체가 안됨 뭐 이딴걸 팔아쳐먹냐 반년째 코드뽑고 오늘도연결하다 빡쳐서 던졌다 와서 가져가라 돈내고 쓰레기 산거같아서 기분 개더러우니까
강윤미,2,2019년 3월 1일,1,불러도 응답이 잘 안될때가 있져용
Google 사용자,2,2019년 1월 14일,4,같은 카카오인데 왜 멜론과만 연동되는지..... 카카오 뮤직을 블루투스로 들을수 없나요~?
soyeon im,1,2018년 12월 14일,1,앱 로그인이 왜 안되나요? 업데이트하고 로그인 취소가 자꾸 뜹니다. 빨리 해결해주세요.
장은지,1,2019년 1월 1일,1,기계만 인터넷에서 할인해서 팔면뭐하나요. 기기에연결이 안되는데 이거쓸라고 멜론도 결제했는데 자리만차지하는 쓰레기됬네요. 지금쓰지도못하고 방치중입니다
여성박예진,5,2019년 3월 6일,3,헤이카카오 말을잘해요
Aubameyang Arsenal,1,2019년 1월 3일,1,연관노래재생좀 어떻게 해봐라 아놔. 카카오가 왜 네이버 시다바리인줄 알겠더라. 어떻게 같은곡만 계속 재생하냐? 어이없네
윤민수,1,2018년 11월 27일,3,계속 사용해왔었는데 업데이트후에 사용하던 와이파이가 휴대폰에선 연결이 되는데 헤이카카오 앱에 계속해서 연결이 안됩니다
홍진수,2,2018년 11월 29일,1,어제부터 네트워크 연결중이라해서 변경눌러서 다시 할려니깐 인터넷 잘만되는데 네트워크상태 확인하라고만 하네요 저만 그런줄 알았는데 다들 그런데 설명좀 해주시죠?
Jieun Cha,2,2019년 2월 7일,1,"공유기 리셋, 네트워크 영어 이름 다 해봤는데 와이파이 연결이 안된다고 뜨네요...얼른 해결 좀 해주시길 바랍니다..."
뚠뚠,1,2019년 2월 1일,1,음악왜갑자기안되죠..? 멜론이용권있는데 없다그러고 혹시몰라서 로그아웃했다가 재로긘하려는데 연결이불안정하다고 로긘도못하고있음...
정의종,3,2018년 12월 8일,1,음악듣기는 왜 메론만 가능한거죠?핸드폰에 다운받아 놓은건 들을수 없는건가요?? 아님 지니뮤직이나 삼성뮤직 음악 같은건 안되나요??
Lucia _,1,2018년 12월 23일,1,와아파이를 못찾아요 지금샀는데!!!!!왜 사용을 못하게해요 ㅠㅠㅜㅜㅜ제발 사용하게해줘요
daejoong cho,1,2018년 11월 27일,3,호출 응답 안함.. 몇번째인지...에효.. 스트레쓰 만땅 기계가 꼴통인지..에효..
행복한비버,3,2018년 11월 22일,1,멜론말고 벅스는 지원안하나요?ㅠㅠ 다좋은데 검색능력이 나 특히 외국어로 대화하는거 얼른업데이트되길ㅠㅠ
날쌘거북이,2,2018년 12월 8일,1,뭐냐 받은지 하루됐는데 갑자기 와이파이도 못찾고 기기도 못찾고~.~ 이게 도대체가~뭐하는 물건이야~~~~
Google 사용자,3,2018년 12월 1일,1,발빠른 공지를 했으면 많은 분들이 이렇게 고생을 안하죠 전화하고 전화비용 들고 시간 없애고 다음부터는 발빠른 공지를 해주셨으면 합니다.
이음표,1,2018년 11월 27일,4,왜 와이파이 연결이 안된다고 자꾸 뜨나요? 잘되는데 갑자기 혼자 연결안되네요...
정룽,1,2019년 2월 1일,2,갑자기 멜론로그인이 안되고 네트워크 문제가 발생해서 서비스 이용자체가 안되네요 해결해주세요
Google 사용자,1,2019년 1월 26일,3,네트워크 연결이 안 된다고 계속 오류 중 너무 심하네요 이거 문제 해결이 필요합니다
정유진,2,2018년 12월 17일,4,음성인식률이 최악임 업뎃이후 거의 너무못알아듣고 안불러도켜지고 밤인데 햇볕이쨍쨍하다하고ㅡㅡㅋ 많이부족
Man moon,1,2018년 12월 19일,1,잘되던 카카오 갑자기 기기를 연결하라는 말만 반복하네요. 어플에서는 잘 연결되어 있는데 카카오 혼자 미침. 어떻게 헤야함??
김경미kmdance,2,2018년 11월 28일,3,저두 모두다해보고 삭제했다 깔기를 몇번했네요.우리집와이파이만 못찾는기능~넘불편합니다.
편도현,2,2018년 12월 13일,0,왜 카카오뮤직은 연동이 안되나요? 멜론으로 갈아탈게요. 카카오뮤직 알아서 탈퇴하게 하네요?
강한모,1,2018년 12월 12일,2,무슨 업데이트 한다고 여기저기 공유기 옮겨가며 해보는데도 계속 오류남. 잘 쓰고 있는데 짜증나게함
김세윤,1,2018년 11월 28일,2,정상적이던 wifi를 왜 못찾는거죠? 3일째 이러네요. 지우고 깔고 초기화 해 봐도 안되요
BH J,1,2018년 12월 14일,3,어플이 자꾸 오류나니까 나의 소중한 미니가 자꾸 네트워크 타령이잖아요. 진짜 ㅡㅡ 어이가 읎으요
오동원,1,2018년 11월 29일,3,알람기능이 안되서 다시 기기설정 하는데 와이파이 연결이 안됩니다.
김민재,1,2018년 12월 28일,1,카카오톡이랑 연동해서 친구한테 보냈는데 다른 친구 어머니한테 보내지네요;;뭐죠 고쳐주시기 바랍니다
hyun a kim,1,2018년 12월 14일,5,카카오오늘 대답이 없네요.. 업게이트 했는대 어플도 안먹히고 암것두 안되는대 블루 투스는.되네요
정환,2,2018년 11월 27일,2,오늘 갑자기 네트워크 연결오류로 인해 카카오미니와 핸드폰 연결이안되네요
루루비루비,1,2018년 12월 11일,1,선물받아서 잘사용하다가 얼마전부터 갑자기 알람이안되요ㅜㅜ 일부러 1분있다가 알람해놓고 들어봤는데 안되요ㅠㅠ 이거어디말해야하죠
최희연,1,2018년 12월 14일,6,업뎃 후에 인식률이 현저히 떨어지는건 뭘까요... 미니c이전껀 바꾸라는 건가여...
이소진,2,2018년 12월 16일,1,보이스톡이 안되네요. 연결은 되는데 착신자나 수신자나 둘 다 목소리가 들리지 않아요.
Yami화덕천사,1,2019년 2월 1일,1,노래 왜 안나오나요. 멜론이용권도 안끝났는데 계속 노래를 찾지못한데요. 낮까지는 됐었는데
도라희,2,2018년 11월 28일,4,와이파이 빨리 연결시켜주세요 와이파이 연결 안된다고 알람도 안 울려서 짜증나요 ㅡㅡ
조은애,1,2018년 12월 19일,1,네트워크도 안뜨고 블루투스도 반응없고 계속 노란색 불만 켜지는데 진짜 짜증나네요 공유기도 초기화 하고 앱어플도 삭제해봐도 소용없네요
Google 사용자,3,2018년 11월 29일,4,앱이 설치가 잘안되요..기기가 연결이 안되네요
윤까꿍,1,2019년 1월 11일,8,왜 와이파이 연결안되나요? 여러사람 불편하게 만드시네
황슬비,1,2018년 12월 17일,1,연결되있었는데 몇일전에 연결 안되서 재연결하는데 네트워크 오류뜨는데 왜이러는거죠 ㅠㅠ사용을못하고있네여 불편해요
김동영김동영,1,2018년 12월 30일,1,아니 머 있단걸 만들어가지고 사람 화나게 해요 어제 사서 오늘 할려고하는데 와이파이 뜨지도 않고 별 1개 주기도 아까워요
MJ,1,2018년 11월 27일,3,업뎃이후 와이파이 연결도 잘 안되고 불러도 로딩만 되고 작동하지를 않아요
정혜원,3,2018년 11월 28일,1,사용방법을모르겠뜸 기기등록하라는대 어느기기를말하는건지....사용방법좀 알려주세요
shelby C,4,2018년 11월 20일,3,저만 카톡읽어주기 기능 안되나요ㅠ 카톡읽기 설정했는데 자꾸 설정하라고하고...😫
이휘향,2,2019년 2월 1일,13,음악은 또 왜안되나요. 거의 뭔 두세달 간격으로 피꺼솟임...
최상득,2,2018년 12월 26일,2,무슨 새로운기기등록하는거랑 네트워크는 반나절을못찾고 헤매고있는지 ㅉㅉ
박선영,1,2018년 12월 2일,0,몆일전부터 와이파이를 못찾네요 대체왜이러죠? 온갖방법다써봐도 안되네요.
용녀,3,2018년 12월 12일,1,좀더유용한기능있었으면좋겠네요 이 어플로는 설정만하면끝임 멜론이랑 연동되면 음악검색이나 이런것도좀 되게해주셈
비온다,3,2018년 12월 14일,1,잘 쓰던 카카오가 갑자기 네트워크 오류가 났네요 ㅡㅡ 노래 듣는데는 참 좋긴했는데 다시 재설치 합니다
Google 사용자,2,2018년 11월 28일,3,와이파이 연결 왜안돼요? 빨리고쳐주세요 사람들 난리구만ㅠ
쮸쮸마이,1,2019년 2월 1일,2,갑자기 노래가 안나오는데 이건 뭔가요?
H H,1,2018년 12월 1일,2,마음대로 업데이트 해서 네트워크 먹통 만들어 놓고 고치는건 유저들이 알아서 하라니
김재국,1,2019년 1월 11일,14,등록되어있던 기기도 연결이 안됨 짜증나서 창문밖으로 던져버림
Junho Lee,1,2018년 12월 28일,1,이건 매일 전원 뽑았다가 다시 연결해야 하나 별하나도 아까움 계속 빨간불만 들어오고 어이없네
전은채,1,2018년 12월 14일,1,아니...왜 안되죠.......갑자기 인식도 안되고 앱도 안되는데...
홍민희,1,2018년 12월 3일,1,왜 네트워크를 못잡나요? 지금 사용 못하고있어요 빨리 조치 취해주세요
박수현,2,2018년 11월 29일,3,핸드폰 찾아줘하면 알람이 안울림ㅋㅋㅋ 모닝콜도제대로안해줌
이수진ruru,1,2018년 12월 2일,5,잘되던거 갑자기 집 와이파이만 못잡고 있음 최악 거지같은 카카오 다신 안삼
멍청이옌린,5,2018년 11월 20일,1,음 네 좋습니다💦 그런데 와이파이 문제가 조금 그럴싸합니다💨 그래도 사용 편리하여 좋습니다❣
kyoungbin lee,1,2018년 12월 16일,2,잘 돠던게 갑자기 네트워크 연결이 안된다..어쩌라는곤지
이슈가,1,2019년 1월 15일,1,왜 갑자기 기기연결이 안되나요? 짜증나네요.
농부가될거야,1,2018년 12월 14일,2,앱 실행이 안 되고 카카오미니도 안돼요 빨리 수정해주세요
황아영,1,2018년 11월 29일,4,네트워크가 안잡혀요 어떻게 해야하나요
최종인,1,2018년 11월 29일,2,갑자기 왜안되는지 볼려니까 같은 문제가 많이격고있네요
에뷀,1,2018년 12월 15일,1,하... 아니 왜 제꺼 기기가 맞는데 연결이 않됀다고 뜨죠 어떻게 헤야할지 알려주세요
연구소급등주,1,2018년 11월 28일,2,무슨 이딴게다있음 핫스팟으로 연결해도 네크워크불안정 이거사는바에 네이버쓰지 아오
[b]설리 S,5,2019년 2월 11일,9,아니 님들아 이거 카카오미니 사야 연결됀다고... 이렇게 좋고 편리한데
Mang Oing,1,2018년 12월 31일,1,네트워크 연결이 안됩니다..짜증나네요..
이지훈,1,2018년 12월 6일,1,이틀전부터 와이파이도 안잡히고 핫스팟도 안잡히고 어떻게 하라는 건가요
Jason Seo,3,2018년 12월 14일,2,왜 카카오 대답이 없음 ㅡㅡ 로그인도 인되고..
Google 사용자,1,2019년 2월 2일,2,와이파이 연결이 안되서 기기등록을 못 함
이수경,3,2018년 11월 30일,2,갑자기 안되네요 언제까지 기다려야하나요
Yieunwoo Yi,3,2018년 11월 21일,2,카톡내용읽어주기 설정에 들어가도 없어요ㅡㅡ
이치에이치고,1,2018년 12월 9일,1,불만과 불편함이 저렇게 많다고하는데 대응도 전혀 없고 안될기업같네요
이정규,1,2018년 11월 29일,1,연결안된다는 말이 이렇게 많은데 아무런 답변이 없나여??
홍단,1,2018년 11월 22일,3,업데이트 이후에 뭐만 하면 일시적인 오류 대잔치
민찬홍,1,2018년 11월 29일,4,제발 네트워크리스트에 안뜨고 연결안대는것좀 빨리 해결해주세요
콹쿵쾅콹,5,2019년 3월 3일,1,나는 잘 사용하고 있습니다 ai사운드로 ㅋㅋㅋ
Brian Lee,1,2018년 12월 1일,1,와이파이 연결 안됨. 이따구로 만드냐.
&POM Cypher,4,2018년 12월 5일,1,리모컨 연결할때 마다 업그레이드라는데 어케 하야하죠?
유재호,1,2018년 12월 15일,1,아니 잘쓰다가 안되 껏다켜도안되 앱삭제하고 깔아도안되 미치겟네 ㅡㅡ
페펜,1,2019년 1월 8일,1,이걸 사라고 만든겁니까? 오류장난아니네요
Google 사용자,2,2018년 12월 14일,3,갑자기 어플실행이 안됩니다
rogi J,1,2018년 12월 19일,1,얘는 뭐 맨날천날 연결이 끊기는거죠? ..
김선영,5,2019년 2월 1일,1,EBS책읽어주는 라디오도 설정해주세요 그게 젤 아쉽네요
Google 사용자,1,2018년 12월 10일,1,네트워크 안되서 사용못해도 반품안돼니 구입시 유의바람
이필선,5,2019년 1월 13일,1,편리한기능이많아 늘 사용하고있네요
Kijeong Bae,3,2019년 1월 30일,3,멜론 말고 플로(FLO)도 사용할수 있게 해주세요
김정명,1,2019년 1월 10일,2,업데이트시 설정 알람 취소됨.
ry,2,2018년 11월 27일,0,왜 와이파이연결이안되요 갑자기 잘만됐었는데
young lee,2,2018년 12월 12일,1,아니 블투라 와이파이 왜 연결이 안돼요?
허봉,3,2018년 11월 28일,1,집 와이파이가 갑자끼 끊기더니 연결이 안되요 왜그러는건가요 빨리 해결해주세요 ㅠㅠ
오상윤,1,2019년 1월 27일,2,별한개도 아까운 똥덩어리 AI 스피커. 연결이 안됨ㅡㅡ
장지현,1,2018년 12월 27일,1,와이파이 연결 문제로 한참 사용 불가중ㅠ
황세명,1,2019년 1월 14일,2,계속 안되면 고소할꺼에요
Google 사용자,5,2018년 11월 27일,1,아주좋아요~~♡
서동빈,2,2018년 11월 30일,2,와이파이 연결 믄제좀 빨리해결해주세요
한미경,1,2019년 1월 22일,2,연결이넘안되요 아ㅜㅜㅜㅜ
핸섬찬영이쁜소윤,1,2019년 2월 2일,1,3일내내 네트워트 검색만되는중 ㅠㅠ
구슬아,1,2019년 1월 3일,1,자꾸 네네 거려 짜증나 말 드럽게 못알아쳐먹어
Google 사용자,2,2019년 2월 5일,1,블루투스 연결이 안됩니다.
ON S,1,2019년 1월 3일,1,연결이안된다고 카카오야ㅡㅡ
장ms,5,2018년 11월 20일,1,",,카카오미니 똑똑한 나의 비서"
켄타로,4,2018년 9월 12일,7,사람이름을 포함한 검색에 있어서는 비교적 인식실패가 잦은 편이지만 대체로 인식에 문제가 없습니다. 지속적인 업데이트로 기능이 확장되고 있어서 좋습니다. 무엇보다 남성목소리가 업데이트된게 만족스럽네요!이런 변화가 반영되는 점이 좋습니다.
베리굿,3,2018년 12월 19일,1,업데이트 이후 알람이안돼요
patrick sean lee,3,2018년 10월 11일,5,"다른 어떤... 스마트 스피커 처럼. 나만의 단축명령어 만들기가 있으면 좋겠어요. ""잠잘 시간이야"" 라고 하면 1. 조용한클래식틀기 2. 조명끄기 3. 블루투스 스피커 연결 4. 음악 타이머 2시간셋팅. 이런식으로 되면 좋겠어요. 매번 전부다 순서대로 말하기 번거로워요... 잘 알아듣지도 못하는거 ㅎ"
Google 사용자,3,2018년 9월 21일,3,"카카오 미니C를 블루투스 스피커처럼 사용하고 싶을 때 안내 설명에는 ""블루투스 페어링 해줘""라고 명령해야 페어링 모드로 전환한다고 되어있는데, 그냥 기존에 등록되었던 기기와 연결하기만 하네요;; ""브루투스 모드""라고 말해야 페어링을 시작하는 데 안내 설명을 수정하거나 기기 소스를 수정하셔야 할 것 같습니다."
Google 사용자,1,2019년 1월 29일,0,도대체...와이파이연결이왜안된다는거죠? 다른기기연결은아무이상이없는데말입니다. 연결해제했다가... 다시연결하려니정말인내심의바닥을봅니다.원인이뭡니까?기기이상인지앱문제인지대안을주세요.
Google 사용자,1,2018년 12월 9일,1,언제 고쳐지나요?????
chicken bad,1,2019년 1월 16일,0,고작 10만정도 다운받은거 무슨 부귀영화를 누리겠다고 전세계 탑급 스마트폰 기업 삼성 빅스비 연동을 끊는지 이해가 안가네요. 카카오가 중국계로 넘어갔다는 말도 있던데. 그래서 삼성 지원을 끊은 것인지? 진짜 근시안적인 기업인듯.
정일혁,1,2018년 11월 29일,3,에러가 왜이리 많소
송경하,5,2018년 11월 28일,1,참 좋아요!
이승민,4,2019년 4월 20일,0,... 유용하게 잘쓰고 있었는데 ... 갑자기 네트워크 연결이 안되네요... 사용을 못하고 있습니다
코딱지,1,2018년 12월 17일,1,이거 요즘 맛탱이갔음
이신우,1,2018년 12월 22일,1,뭐 이런게 다 있나
Go Jieun,3,2018년 12월 17일,1,자주오류가납니다
한철희,2,2018년 11월 11일,8,내비게션 마이크기능 예전버젼에비하면 못쓸정도네요. 불필요한 주소가 한꺼번에 많이뜨는걸까요! 예전버젼이 넘좋았어요.
azz스무디,3,2018년 10월 11일,2,파빵 팟캐스트 듣고있는데요 언제부턴가 재생이 들쑥날쑥해요 예를들어 쭉 듣고있다가 갑자기 10분뒤 내용이 나오다가 또 좀있으면 3분 내용이 나오고 그러네요 오류인거 같은데 꼭 고쳐주세요
으나,2,2018년 11월 1일,8,나참 네트워크연결안된다길래 내꺼 와이파이가 이상한가보다했는데 여기들어와보니깐 안되는사람많네; 도대체 왜 연결안되는거에요? 돈주고팔았으면 값을해야지 지금까지 연결해본 횟수도 얼마안됐는데 돈아까워죽겠네 그냥 장식품임 ㅡㅡ
ha ls,5,2019년 2월 13일,1,아주좋아요
민영김,5,2018년 11월 19일,1,"주기적으로 빠른 기기업데이트및정보,검색등 많은발전을 기대합니다."
Google 사용자,1,2018년 12월 31일,0,"개떡같이 만든다. 와이파이 오류로 설정 못하면 다른 곳 와이파이서 설정해서 업글하라고 하는데, 도대체 가정집에 와이파이가 몇대있는데!!! 프로그래머라는 사람이 참 노답이다"
Google 사용자,2,2018년 9월 17일,4,카카오가 플레이리스트를 하나만 인식할수 있어서 불편해요. 이름을 잘 인식할수있도록 노력해주세요
노수정,2,2018년 9월 20일,2,"연결가능한 와이파이가 없다고 해서 못쓰고 있어요,,, 업데이트 전에는 잘 됬는데 어떻게 해야하나요"
홍숙자,5,2019년 1월 19일,1,편리하고 좋아용^^
강명진,5,2018년 12월 9일,1,카카오기계가없음
박승구,5,2018년 12월 1일,1,진짜 좋아요
EUNJAE LEE,3,2018년 11월 24일,0,모든건 다 좋은데 클로바 앱처럼 앱자체에서 음성인식 기능을 지원해주면 좋겠습니다.
persimmon감,3,2019년 3월 1일,0,노래 응프리스타일 검색시키는 방법좀.. 응이라는 음성은 무조건 무시하는 명령이 들어가있는지 절대 안되네요.
NCTzen 0219,5,2018년 10월 4일,1,"다 너무 좋은데 동화에 ""분홍 토끼의 추석""이랑 ""씨름 도깨비의 추석""이 있었으면 좋겠어요~ 그리고 멜론에서 플레이리스트 말고 재생목록도 틀 수 있었으면 좋겠네요~^^"
heejung min,1,2018년 9월 15일,1,업데이트가 오류인지 리모컨 인식안되자나여~!! 그리고 외부 스피커 블루투스 연결하면 몇번씩끊겨요
지나가던 사람,5,2018년 10월 11일,1,제작님 제발 봐주세요 제가 30일무제한 음악있고 그계정으로 연결했는데 계속 1분미리듣기만가능하데요ㅠ
ᄏᄏ,1,2018년 10월 29일,1,아니 카톡온거 읽어주는부분 업데이트 언제해요? 너무짜증나네요 업데이트예정이라니 ...
Song Hyun Ji,3,2018년 11월 11일,3,클래식 FM 들을려고 샀어요. KBS 라디오도 가능한 라디오 채널로 해주세요.
블랑이[매력덩어리],1,2019년 2월 25일,1,연결좀하자
ᅵᆞ,4,2019년 4월 13일,0,다 좋은디 음악을 앨범단위로 재생하는 기능이 있으면 좋겠음 닥사문같은거 재생할때 플래이 리스트 만들기 귀찮음
Google 사용자,4,2018년 10월 25일,10,추천음악듣다가 이노래 멜론재생목록에 추가해줘라는 명령어가 생겼으면해요
Kyung Jun Lee,1,2018년 9월 14일,1,LG v30은 호환이 안되나요? 블루투스 연결이 너무 안되네요ㅠㅠ
JH CONG,1,2018년 11월 30일,0,왜 와이파이를 못 잡죠?또 카카오미니 본인이 와이파이 빙의됐는데요? 뭔가 조치 좀 해줘.
ulsssan 2,3,2018년 9월 17일,1,그냥 노래들을때 가끔 전원연결해서 듣습니다...근데 샀는데 무선이 나오다니^^
x86 android,2,2019년 1월 14일,0,로그인을 해야한다는 점에서 바로 삭제. 구글 어시스턴트의 편의성은 바로 이런것에서 온다
구정윤,1,2018년 9월 12일,3,이거 와이파이 연결이 안되는데 무슨 문제가 있는건가요?
유현진,3,2018년 12월 2일,0,학습기능이 추가되면 좋겠네요 아님 매크로 같은 기능으로 사용자가에게 편의를 줄수있었으면 좋겠네요
이하영,1,2019년 1월 5일,0,나만이상한줄 빨리 대첵 마련하세요 이게 한두푼도 아니고 카카오라는 큰 회사가 왜이렇게 일처리 하는지..
김보영,1,2018년 11월 28일,0,저만 그런게아니었군요 혹시나해서 리뷰보길잘했네요 오류 빨리고쳐주세요 카카오가 집 와이파이를 못잡아요ㅜㅜㅜ
Taekyung OH,4,2018년 9월 16일,1,CNN도 서비스해주면 좋겠어요. 영어 컨텐츠가 어린아이들 용만 있네요
sujung lim,3,2018년 10월 15일,3,리모컨 연결이 안돼요! 업데이트 돼있는데..
레몬퓨,1,2018년 10월 13일,0,뭘 연결한다는지... 녹색불이 어떻게 잘 들어온다는지도... 모르겠고... 저만 그러는건지...
Jayoung Park,1,2018년 9월 13일,2,카카오미니와 연결이 안돼서 쓰지도 못하고 있어요.
Seok Young Lee,5,2018년 9월 15일,2,리모컨 연결 안되던거 수정되었다고 공지났네요~ 해보니까 됩니당!
김선민,4,2018년 11월 8일,3,노래 반복 기능 좀 넣어주세요.. 셔플이라던가 한 곡 반복 등 등
안태성,1,2018년 11월 8일,6,ㅡㅡ연결이 안디는디 어쩌라는거냐 쌔거뜯고 연결안되가 전기만잡아 쳐먹고있다 씨불거
Google 사용자,3,2018년 9월 27일,1,갑자기 인공지능 목소리가 나지 않습니다.
Hellcat K,3,2018년 9월 23일,1,좋아하는 앨범 단위로 노래 틀 수 있었으면 좋겠어요
YoungSub Kwon,5,2018년 10월 11일,6,앞으로도 많은기능의 업데이트 부탁드립니다^^
Adeline _,4,2018년 9월 15일,2,업데이트 된 뒤로 음악 반복재생이 안되요
su y,1,2018년 9월 23일,1,하.... 왜 한번에 연결이 된적이 없냐 ....
이재상,2,2018년 9월 15일,1,계속 네트워크가 안좋타고 계속 튕기는데...
허인우,1,2018년 10월 21일,11,갤럭시J7연결까지되고 연결할 네트워크가 안찾아지네요
ʟoѕт ѕтar,1,2018년 12월 27일,0,아니 왜 와이파이를 잡지를 못해 ㅡㅡ 다른 pc 노트북 AI스피커 다 잘만 잡는데 얘만 못잡아
Slow Soso,1,2018년 10월 13일,4,와이파이 연결만 하면 네트워크 불안정이라고 안됨 얘만그럼
Yoshik Chung,1,2018년 12월 16일,0,네트워크 연결도 안되고 멜론 음악도 못듣고 이따구로할거면 집어치워라
OLIVE O,1,2018년 12월 14일,2,업데이트후 갑자기 안됨 계정부터로그인이안되여
gmga gegn,3,2018년 9월 12일,1,애가 말을 안해요 왜 대답을 안하지
Andy Lee,3,2018년 9월 18일,1,알람설정 앱 에서는 안되나요?
황정현,1,2019년 1월 5일,0,네트워크인식이 안되요 선물받은거아니였음 바로환불입니다
슈팅,5,2018년 10월 14일,2,업데이트 어떻게하나요?
김승철,5,2018년 10월 12일,8,고장나서 A.s맞긴지8일만에 기기받음 ㅎ
James Kim,2,2018년 11월 11일,2,Note8쓰는데 이전화기도 연결이안되나여?
Junho Song,3,2018년 11월 4일,1,110번 버스 검색을 못합니다
Anna Torv,1,2018년 10월 8일,2,기기가 없으면 못하는거네 별로다
Google 사용자,1,2018년 11월 9일,2,연결이 안되는데 ..
지현윤,5,2018년 11월 26일,0,어피치로 샀어요♡ 산지 1년 다 되감
qud cks,5,2018년 9월 12일,0,님들 전 렉 안걸리고 잘 쓰고있습니다 제생각엔 안됀다는분들 와이파이문제인것 같은데
Google 사용자,1,2018년 9월 15일,1,리모컨연결이안되요
박현준,2,2018년 9월 15일,1,리모컨 연결이 안돼요
morison harry,2,2018년 9월 25일,1,폰 연결 블루투스 끊김 심함....
Google 사용자,5,2018년 11월 25일,0,저 베트남에 사는데 어떻해요 저 그리고 한베에요
김수인,1,2018년 11월 18일,1,기기가 안돼네요
미파YouTube,5,2018년 10월 14일,2,오....좋아좋아
Google 사용자,5,2018년 11월 18일,0,용량소모가너무많요
심선아,5,2018년 9월 13일,1,엄청 좋아요
웬득도안.,1,2019년 3월 17일,0,응 ~~ 개 별로
서종상,5,2018년 11월 21일,0,아주좋아요
Google 사용자,3,2018년 9월 29일,1,너무해 너무해
김강민,3,2018년 10월 12일,2,아직은힘듬
칸트김성호,5,2018년 10월 7일,1,너무편리합
jin - yong park,2,2019년 3월 9일,1,다른거에비해 오류도많음
이종혁,1,2019년 4월 2일,0,예쁜 쓰레가
양지웅,1,2019년 4월 22일,0,인식률 극악...
정호진,5,2019년 1월 28일,1,좋아요.
전경은,4,2019년 1월 13일,1,좋아요
Byoung woo Kim,5,2018년 12월 12일,2,호우 최고에요
마라[14녀 ARMY!],1,2018년 12월 26일,1,네트워크 안됌;;
권준일,5,2018년 12월 12일,1,좋아요^~~
Almond D,1,2018년 12월 1일,18,처음부터 연예인 목소리 설문조사부터 하더니 도대체 언제 적용되나요? 네이버는 유인나 목소리 시작했던데 항상 뒤쳐지네요. 언제까지 후발주자 노릇이나 하실겁니까? 그나마 따라하는 것들도 전부 반쪽짜리라서 실망이큽니다.
서지혜,4,2018년 11월 21일,9,1년전 지금은 단순히 노래 듣기 용으론 만족하는데 안되는 기능이 너무 많아요 언제 업데이트 해주실 건가요 더 멋친 카카오 스피커 되길 기대합니다 빨리 업데이트 해주세요 지금 와이파이 블루투스 오류 너무많이나요 스피커블투로하다가 갑자기끋기고 며칠간연결도안되고 환장할노릇
love shine _,1,2018년 11월 27일,6,엥 와이파이 연결 왜 안되죠? 며칠전부터 자기 혼자 연결 해제 했다가 와이파이 상태를 확인하라고 해서.. 공유기는 멀쩡한데 왜 와이파이 연결이 안될까요 속터짐
김경미,5,2018년 11월 24일,1,감사
Google 사용자,5,2018년 11월 27일,1,굿
권케인,5,2018년 12월 12일,0,굿
윤성욱,5,2018년 11월 21일,0,좋아요
Google 사용자,5,2018년 11월 23일,0,좋아요
isaac nam,5,2018년 11월 21일,2,드뎌~^^
권태석,5,2018년 10월 25일,3,좋다
혁꾸잉,5,2018년 11월 21일,1,굿
Google 사용자,5,2018년 11월 21일,1,굿
Google 사용자,4,2018년 11월 20일,1,좋아요
김민정,5,2018년 11월 17일,1,좋음
박동규,5,2018년 10월 11일,2,난 괜짢은데?
김소정,5,2018년 10월 12일,7,좋아요♡
미경김,5,2018년 10월 17일,2,좋다
Park Sunny,2,2018년 9월 12일,4,헤이카카오 하고 부르는 소리만 잘 인식함 나머지는 렉이 너무 걸려 말하고 응답을 기다려야함 5분 정도까지? 이럴려면 왜 출시 했음? 응답 기다리다 지침 노래 실행시켜도 무슨 노래를 만들어서 가져옴? 일찍 산 내가 호구지 누굴 탓하리오
John Park,5,2018년 9월 6일,4,멜론으로 음악 듣는데 가사 전송 기능 있으면 좋을 것 같아요 헤이 카카오 이 노래 가사 카톡으로 보내줘 이런거요
lovelywoodywoo woo,4,2018년 9월 9일,1,"악기 특별히 통기타 나 베이스 기타 튜닝 기능이 있으면 좋을것 같습니다 ""통기타 6번줄 맞춰줘!"" 또는 ""베이스 1번줄"" 베이스 E 스트링 맞춰줘"""
Google 사용자,5,2018년 9월 11일,1,카카오가 말은 잘 알아들어요. 근데 발음이 안 좋으면 얘가 못 알아들어요.
이찬,1,2018년 9월 11일,3,카카오 미니 렉 넘 자주 걸려요 그리고 요즘 얘가 노래만 틀어주고 날씨 물어보고 말장난 하는거 다 불빛만 들어오고 아무 말도 안 해요 날씨 물어보려고 산건데 진짜 화난다고 노래 틀어주는것 말고는 쓸모가 없다고요 와이파이도 드럽게 못잡고 알람도 제때 안틀어줘서 늦잠자게 만들고 개빡쳐 이럴줄 알앗으면 지닌가 먼가 그거랑 클로바 삿다 지혼자 렉걸려서 발열현상 오지게 일어나고 암튼 오륜지 렉인지 개선좀 부탁드리고 제 카카오미니는 어케하면 제작동을 할지 답좀 주시겟어여???
정훈김,5,2018년 9월 6일,1,이번에 업데이트 된 셋탑 박스 제어 제휴 사업자가 어딘가요??
박상근,3,2018년 10월 11일,1,그냥 저냥..
김진섭,5,2018년 10월 12일,1,좋아요..
Google 사용자,3,2018년 9월 6일,2,멜론 연동해서 사용하고 있어요. 플레이리스트 폴더에 있는 음악을 듣고 싶은데. 그런 기능은 없더라구요. 다음 업데이트때 이 기능 추가해주시면 더 유용하게 사용할수있을것같아요
정세용,5,2018년 8월 31일,4,다 좋아서 너무 잘 쓰고 있습니다 제가 한가지만 너무 잘 사용하는데 혹시 한가지만 업데이트 해줄수 있나요??카카오스피커가 멜론이랑 연동해서 사용하는데 멜론에서 카카오스피커가 틀어준 곡을 볼수 있거나 카카오스피커가 틀어준 곡을 카카오톡에 메모보내는것을 말로 안하고 카카오앱에서 확인하고 직접 보내고 싶습니다 맘에 드는 곳이 한곡일땐 말로 하는게 편하지만 세곡 이상이 되면 귀찮아져서 들었던 곡을 까먹을 때가 있습니다 또는 곡 제목도 모르고 들을 때가 많이 있습니다 다음에 업데이트 할때 한번 생각해 주면 감사하겠습니다
Rn Jun,3,2018년 8월 30일,2,자장가와 알람을 제일많이 사용하는데 자장가 소리크기를 고정하고 싶어요. 낮에 사용한후라 소리가 너무 큽니다.
Google 사용자,5,2018년 8월 26일,1,잘 만들어 주셨어요.
Raegon Kim,1,2018년 7월 17일,14,"""카카오 미니 연결을 확인한 뒤 다시 시도해주세요"" 호출 명령어 변경하려고 하면 위 문구가 나오면서 호출명령어을 선택할 수 없습니다. 
물론 연결은 잘 되어있는 상태입니다. 기기등록을 해지하고 다시 연결해도 마찬가지네요. 갤럭시 S7 안드로이드 8.0.0 사용중입니다."
Boram Jeong,1,2018년 6월 26일,12,"네트워크가 안잡히는데 이해가 안됩니다. 계속 렉걸려서.... 멜론 추천시스템 왜그러죠? 듣기싫은 노래 넘겨달라고 하면 다음번에 
안나오도록 줄여야하는거 아닌가요? 똑같은 노래 계속 나오는데 매번 나올때마다 넘기는데 개인화 추천시스템이 정말 최악이네요. 하드웨어뿐 
아니라 소프트웨어 측면에서도 개선해야할 여지가 매우 커보입니다."
Jieun Lee,1,2018년 6월 11일,7,"팟빵에서 김현정의 뉴스쇼를 매일듣는데요 최근들어서 에피소드가 뒤죽박죽 재생돼요. 팟빵에서 업데이트를 잘못했나싶어서 팟빵앱을보면 제대로 
되어 있거든요? 헤이카카오가 이상하게 인식하는 듯한데 얼른고쳐주세요"
yudam park,3,2018년 8월 2일,3,"휴대폰 찾기 알람 보낼때 열에 아홉은 무응답이에요. ㅠ. 가뭄에 콩나듯이 어쩔때 한번 울리고 설정은 분명 맞게 했는데 뭐가 문제인지 
모르겠네요."
Google 사용자,3,2018년 7월 11일,2,네트워크가 불안정하다는데 어떻게해야하나요.헤이카카오앱 자체도 실행이 안되요.삭제하고 다시깔아도 안되네요
최병찬,1,2018년 7월 19일,3,"저만 그런게 아니었네요.. 최근 부쩍 말귀를 못알아들어서 기기를 새로 연결하려고 기기연결을 해지했다가 재연결 후 호출명령어를 
바꾸려고하니 ""카카오미니 연결을 확인한 뒤 다시 시도해주세요."" 라는 메세지만 뜹니다. ""헤이 카카오""라고 부르는 기본값만을 사용할 수 
있고, 이름을 부르면 반응은 하지만 그 외의 작업은 아무것도 못합니다.(명령어를 무시합니다) 잘 쓰던 기기였는데 갑자기 고물이 
되어버렸네요.."
최민,1,2018년 6월 22일,9,"매일 모닝콜 기능을 사용하고 있는중에 구매 이후 처음으로 2박3일 여행을 다녀오고 밤에 집에 들어왔는데 알람이 계속 울리고 있네요ㅎㅡㅎ 
그러니까 2박3일동안 적어도 48시간 내내 1초도 안쉬고 울렸네요 상식적으로 모닝콜은 아무리 길어도 1시간정도 지나면 자동종료 
해야하는거 아닌가요? 왠지 기능들이 가짓수만 많게 할려고 하고 그 세부 기능 디테일은 아예 없네요"
Yeon Jeong Kim,1,2018년 8월 11일,2,"며칠전부터 키면 (연결준비를 시작합니다) 이러고선 아예 연결자체가 안되고 있어요 한번씩 인터넷 연결상태가 좋지 않다고 하면 와이파이를 
껐다가 키면 괜찮았는데 이젠 아예 아무것도 할수가 없어요 혹시 기기연결이 잘못되어있나 해서 기기연결 해제하고 다시 연결하려니까 그것마저 
안되요 인터넷 연결 폰 상태 다 정상입니다"
최열,2,2018년 7월 1일,6,기기검색이 안됩니다. 헤이카카오를 사용하고 싶어도 기기검색이 안되니 무용지물이군요. 자동거맥도 좋지만 수동으로 기기등록이 가능하면 종겠습니다
이장근,4,2018년 6월 12일,3,"최근 업데이트 이후 미세먼지 농도 알림을 수치가 아닌 대한민국 기준의 좋음 보통 나쁨으로 알려주는데, 예전처럼 수치와 함께 알려주면 
좋겠습니다. 롤백해주세요"
Bergerac A.,4,2018년 7월 26일,5,"알람 볼륨 설정할 수 있게 해주세요... 제발요... 그리고 KBS라디오도 조만간 제공되길 기대합니다...! 알람 볼륨은 제발 제발 
제발 조절할 수 있게 업데이트 부탁드려요..."
ᄏᄏ,3,2018년 7월 11일,2,렉이 왜이리 걸리나요 제거하고 다시 설치했는데도 그렇네요 이용약관도 렉때문인지 안보인다 네트워크연결 잘 안잡히네요 문제가 뭔가요
ᄋᄉᄋ,1,2018년 8월 4일,1,"멜론 플레이리스트 이름 불르고 틀어달라고 하면 잘 틀러줬었는데 이제는 제대로 인식해서 해주는게 하나도 없네요ㅎㅎㅎㅎ 업그레이드를 
하시는건지 다운그레이드를 하시는건지.... 좀 잘 해주셨으면 해요~ 저는 참 마음에 드는 기능이었는데 자꾸 괜히 카카오 샀네 
클로바살껄하고 고민이 되네요 빨리 고쳐주시길 바라요~"
차차,1,2018년 6월 13일,7,"키즈캐슬 동화를 듣는데 나뭇꾼 얘기, 생쥐얘기, 라푼젤, 늑대얘기, 방귀 ....동화내용 뒤죽박죽 나와요. 이거원 내용을 제대로 알수가 
없어요. 이럴꺼면 키즈캐슬 동화 왜 넣었대요"
구서경,2,2018년 7월 5일,1,"기상정보 어느 기준으로 받아오시나요..? 오후에 비온다그랬는데 집에서 나오자마자 비와서 황당했네요.....강수량도 30mm정도로 
온다더니 엄청왔구요 ㅠㅋㅋㅋ"
바나나,4,2018년 7월 13일,1,알람음을 한가지가 아닌 여러가지를 설정할 수 있게해서 지정한 노래들 중에서 랜덤으로 나온다면 지루하지 않아서 좋을 것 같아요!
hanchul lee,5,2018년 7월 27일,3,창원 의창구 용지동의 날씨 정보가 없다네요~ 주변의 동은 잘 가르쳐줍니다. 날씨정보 좀 연결해주세요.
Long_Rain K,1,2018년 6월 13일,4,와이파이좀 바뀔때마다 다시잡는 부분 수정해주세요.... 집 학원 이동할때마다 와이파이 새로잡는거 너무 심하잖아요
최혜정,2,2018년 7월 6일,2,지금 날씨? 물어보면 일기예보는 반정도 틀리네요 비가오는데 흐리다고 하고 심지어 세시간넘께 비가오는데 흐리다고만
모찌모찌,5,2018년 7월 3일,1,전 넘 맘에 드는 앱입니다. 이거 기분도 말할수있도록 업데이트 해주시길 바랍니다~~- 참고-
amorozo,1,2018년 7월 15일,1,기온물어보니 계속 최고 최저 영도라고 하고 뭐가 문제입니까 돈들여산게 왜 이따구야
무적,3,2018년 7월 11일,1,연결이 혼자 끓어지고 나서 다시 연결이 안되고 지 하고픈말만하고 노란불꺼짐
K큐브,3,2018년 8월 9일,1,카카오미니 호출어 카카오나 헤이카카오말고도 사용자가 원하는 호출어로 정할 수 있음 좋겠어요
Google 사용자,4,2018년 6월 30일,4,제2외국어가 없네요...중국어나 일본어가있음 좋을텐데..
YeonSoo Jung,1,2018년 7월 13일,2,아니 네트워크가 안잡힌다고하는데 이걸사면뭘하나 쓰질못하는데;;;;;;; 장난하나
고광석,4,2018년 6월 9일,1,너무 잘 사용하고 있어요 지금처럼 지속적인 업데이트 바랍니다
hj hong,4,2018년 6월 11일,2,잘 쓰고있었는데 업데이트 후에 잘 못 알아들어요ㅠㅠ
디디,2,2018년 7월 11일,3,어플과 연결하는게 잘안됨
박정구,1,2018년 7월 21일,1,기기연결이 잘 안되네요.
정종윤,4,2018년 2월 8일,55,핸드폰 마이크로 카카오미니를 깨울수있으면 좋겠어요~대부분의 시간을 거실에서 보내니 거실에 설치해놨는데 늦은밤 잔잔한 음악이 듣고싶을때 침실에서 거실까지 나가서 호출해야 인식이 되니까요. 폰에서 미니에게 명령내리는걸 선택할수있게하거나 폰 마이크로도 미니에게 동일하게 명령을 내릴수있었으면 좋겠습니다~
묘한묘한,1,2018년 2월 12일,19,이쁜쓰레기도 아니고 그냥 비싼쓰레기. 잘 작동되다 안되서 문의 남기니 확인하라는건 많고 정작 뭐가 문제일수 있다 이런소린 하나도 없음. 문의에 질문으로 답만 해댈거면 문의하기는 왜 있는지? 굉장히 불친절한 앱에 사용도 번거로운 카카오미니. 네트워크 연결 안되면 블루투스 스피커 기능밖에 안되는데 이렇게 쓸바에 가격 저렴한 블루투스스피커가 나을지경. 후회막심에 최악임
Jongik,1,2018년 2월 14일,30,욕이 절로 나옵니다. 네트웍  연결도 제대로 안되고. 한참전에 내린 명령을 뒤늦게 수행하고. 하드웨어가 아닌 소프트웨어쪽이 문제인거 같은데...나름 it로 국내서 방귀좀 뀐다는 카카오가 이런 수준이라니  한심하네요. 시스템이 다운되면 초기화라도 할 수 있게 해놓던가 대체 뭐 하자는건지
Google 사용자,3,2018년 6월 9일,7,"1. 알람 점점커지는거 제발선택으로 바꾸던가 없애주세요. 소리 너무커져서 스트레스 받아요...거실에서 깜짝놀람. 소리를지르고 
있음...ㅜㅜ 2. 글고 분명 소리볼륨 작게설정했는데, 알람때메 소리가 커지고나면 이후에 사용할때도 계속 볼륨이 커져있네요?이건 진짜 
잘못만든거에요...맨날 볼륨 줄이는거 힘들어요... 3.앱에서 건의사항 접수란 만들어주세요. 어디다가 불편사항 접수해야하는지?"
GH Hwang,3,2018년 4월 9일,5,"카카오미니의 만행을 고발합니다~  나/카카오야 지금 tvn에 뭐해? 카카오/음 사실 비밀이예요  나/카카오야 12시20분에 알려줘 카카오/12시20분에 취침예약했어요  그리고 제일 황당한 거는..  며칠전 비긴어게인2를 보고 있는데 갑자기 ""OOO에게 보이스톡할까요?""라고...당황해서 얼른 티비를 껏드랬죠;;;;만약 티비소리를 ""네""라고 인식했다면 끔직하네요;;;그런데 카카오미니는 명령어를 불러야 실행되지 않나요? 왜? 카카오 비슷한 말도 안꺼냈는데 시도때도없이 켜져서 헛소리를 하나요?"
Google 사용자,4,2018년 4월 7일,20,카카오미니 좋아요ㅋㅋ아기 자장가틀어서 재우기 굿!! 근데 아플에 전노래 다음노래 버튼이 있었음좋겠어요ㅜㅜ 애기재우다가 헤이카카오 다음노래틀어줘이랬다가 애기 깼어요....ㅠㅠㅋㅋㅋㅋ
유진은,2,2018년 4월 7일,20,갤럭시s6 쓸때사서 s9 나오자마자 산 사람입니다 사전예약해서 기변하고 나니 네트워크도 못잡아서 한달째 못쓰고있습니다. 기본적으로 네트워크 잡는것좀 개선해주세요장난하는것도 아니고 네트워크 잡는것만 몇번 시도하다가 포기했어요
Seong uk Lim,4,2018년 2월 13일,26,팟빵과 연결했을때 몇회차 틀어줘를 인식하게 했으면 좋겠습니다. 아니면 제목 인식이라도. 아무리 말을 해도 최신버전만 틀어주네요. 점차 나아지는 카카오미니 이번에도 기대하겠습니다
샷건의천사캐스,1,2018년 3월 8일,12,알람 음악 설정하려고 하는데 계속해서 못 알아듣네요ㅎ 할 수 있는 일이 아니라고만 하고 예쁜 쓰레기가 딱 맞는 말이에요. 괜히 산 것 같아 후회되네요; 수십 번 해봐도 계속 아티스트 명을 같이 말하라 그러고 등록할까요? 하고 묻지 말고 바로 등록되게 해줬으면 좋겠어요. 등록할까요? 라고 물어서 대답하면 어떤 대답을 해도 할 수 있는 일이 아니라고 하니 짜증나서 사용 안 하게 됩니다. 얘가 할 수 있는 일이 대체 뭔가요? 할 수 있는 일 아무것도 없는 듯;
최혜진,5,2018년 3월 12일,4,전 잘쓰고있어요 알람도 잘되고 노래도 랜덤으로 듣다보면 좋은노래도 알게되고 운세도 알수있고 아침에 바쁜데 화장하면서 시간이랑 날씨도 물어보고 갈땐 노래꺼줘하고 가면되고ㅋㅋ전 매우잘쓰고있는데 이젠 블루투스까지 되다니 넘좋네요
dorong mung,1,2018년 5월 3일,3,"핸드폰 찾기 땜에 산건데, 안돼요. 앱이 로그아웃되어있는 경우가 많음. 멜론도 계정이랑 연동만 딱 돼서 내 리스트로는 재생이 안돼요."
안미정,3,2018년 3월 15일,20,라디오가..SBS  FM만나오니 좀 시르네요ㅜㅜ...MBC  FM듣고 싶은데...음악도 음악이지만 라디오 기능도  활용할려구 산건데
yang cho,4,2018년 3월 31일,5,처음 샀을때보다 잘 못알아듣는거같아요. 같은자리 같은소리인데 반응이 없네요ㅠㅜ  볼륨키 위젯이 있으면 좋겠어요~~
옌날옌적에,1,2018년 2월 13일,9,아 진짜 개빡친다 제목은 인식하면서 가수는 인식을 못해서 노래를 들을수가 없네 오기가 생겨서 20분동안 씨름했는데 엄한 노래만 주구장창 틀어버리네 음성인식률 최악
hs jeong,1,2018년 2월 24일,14,진짜  밑에 분 말대로 예쁜 쓰레기... 그마저 인형 없으면 예쁘지도 않고.. 지가 못알아들으면 그냥 연결 끊어버리고.  되는게 없음.. 다른 스피커들과 비교해서 최악. +업데이트 내역 뻔히 뜨는데 카카오더러 하라니 최신버전이라고 앵무새처럼 반복. 같은 말도 단어 바꾸면 못알아들음. 예를 들어 답 할 때 응 또는 아니 가 아니면 인식을 못함. 그래. 싫어. 어. 안해. 이런 기본적인 단어 하나 인식하지 못해서 응 또는 아니로 답해달라 되물음. 더 빡치는 건 못 알아듣는다 하고 알아서 종료해버릴 때. 최소한 몇번 반복해서 다시 말해달...전체 리뷰
newnew balance,4,2018년 6월 3일,2,"헤이카카오 몇개월째 사용중입니다. 비교적 만족하고 있고요. 질문할거 있어서 찾아보는데 고객센터 다 뒤져도 전화번호 , 메일 주소 하나없어서 여기다가 질문합니다. 예전에 구입할때 광고에 보면 ""지금 나오는 음악 뭐야?""하면 티비에서 나오는 음악 제목도 알려주던데, 저는 그렇게 안되네요? 몇개월동안 해봤는데 안돼요.뭔가 설정해야되는건가요? 방법을 알려주시길 바랍니다. 예를 들어 <지금 나오는 음악 뭐야?> 라고 물어보면 헤이카카오가 <듣고 있던 음악이 없어용~;> 합니다. 티비볼륨도 정상인데 말이죠."
박상준,1,2018년 3월 21일,2,가장 최악 비의 깡 듣고 싶은데  멍청해서 딴 노래만 틈ㅋㅋ 진짜 인공지능 중에 제일 멍청한듯  지니 살껄 괜히 쓰레기 산 듯
배고파덕,4,2018년 3월 22일,4,1.거실에 미니가있고 핸드폰이 침실에잇는데요. 알람기능설정하면 미니에서만알람이되서 폰 앱에서도같이 울리면좋겠어요. 2.화장실에서샤워중일때 폰에설정된 알람이침실에서울리면 미니한테 꺼달라고하면 미니가 폰의알람도꺼줫으면좋겟어요 미니알람만말고폰알람도 꺼줫으면좋겟음
강윤정,4,2018년 3월 8일,5,알람을 안끄면 1시간울리는데 10분정도만 울리게 고쳐주세요. 집을 휴가차 비웠더니 알람소리가 1시간동안 울린다고 민원들어왔네요ㅜㅜ 아님  알람 외출일을 설정할수있게하든가 앱으로 알람 삭제하는 기능좀주세요ㅠㅠ
ᄀᄋᄃ,4,2018년 3월 15일,2,"노래를 즐겨듣는 사람으로써 카카오미니는 굉장히 좋음 듣고싶을때 한번 부르기만 하면 원하는 노래를 틀어주며, 음성인식 기능 또한 잘되어있어 외국곡 제목을 이상하게 말해도 앵간히 잘 알아들음 당일 알람을 빠르게 원하는 시간에 맞출 수 있어서 좋음 원하는건 카카오톡 메세지를 읽어주는 기능이 빠른 시일내에 업데이트가 되면 좋겠음"
김명연,4,2018년 2월 12일,3,차량 연결이나 스마트폰과 연결함이 용이 했으면 좋겠습니다. 집에서도 잘 사용 하고 있고 편리해서 집 안 사람들 모두가 재미있게 사용하고 있어요~
Google 사용자,2,2018년 3월 22일,4,이미 나와 같은 마음의 소리들을 하고계시군요 예쁜 쓸애긔... 알람도 하이라이트 부분으로 틀어줄 수 있었으면 좋겠고 알람 처음 음이 넘 낮아서 이거 뭐 듣다가 익숙해져서 나중에 소리 커져도 모르고 잠... 볼륨 조절 맘대로 할 수  있게 해주세요 보이스톡 안되는건 좀 심했어요.. 그리고 카카오야 이렇게 부르고 시간 조금만 지체되면 안들리 오지고 시행어를 한번에 여러개 말하면 한번에 알아들어줬음 좋겠구만 개발에 더 붙어보라구욧 이게 몹니까
Sang-mi Lee,5,2018년 3월 8일,4,어플에서 음악 및 알람끄기 가능하게 해주세요 스피커랑 좀 떨어져있을때 카카오미니 부르기 힘들어요!
HY Adios,4,2018년 3월 16일,4,앞으로 더 업데이트 해주시겠죠? 그리고 볼륨키 위젯이 있었음 좋겠어요!!!
김Gee,1,2018년 3월 20일,3,ㅋㅋ...비싼쓰레기네요그냥 블루투스겸 쓸라고했는데 멜론말곤 아예틀지못하게해 ㅎㅎ.... 반품도못하고 뭐... 제발 제 후기보고 다들안샀으면
wminhee88,3,2018년 5월 9일,2,"블루투스기기검색이안됩니다 업데이트도최신이고 블루투스페어링해줘 라고하고 기기검색해봐도 검색도안되서연결도못하고 어떻게좀해주세요 
그리고네트웤도중간중간자주끊깁니다"
박미영,1,2018년 2월 23일,6,한번 설정한 네트워크는 잘 잡아야하는데 잡지도 못하고 한번잡으려면 한나절이네요. ㅠ 포기
임종철,3,2018년 3월 1일,4,알람 볼륨만 따로 설정하게 해주세요  잘때 노래잔잔히 들을려고 음량을 줄이면  그 다음날 알람이 같이  줄어들어서 너무 불편해요 그리고 통화기능도 얼릉 생겼으면 좋겠네요 또 카카오미니는 IOT기능이 추가될 예정이  있나요?
Park Da,1,2018년 5월 9일,2,"이시대에 유선이 뭐랍니까.. 내 생활에 편리함보다는요,멜론을 위한 카카오라고밖엔ㅎㅎ"
JoonBeom Han,5,2018년 4월 19일,2,아래사람들 보면 다 안된다고 난리인데 이거도 뽑기인가? 완전 다 잘되는데. ㅋㅋ
임나형,4,2018년 3월 9일,3,"딴건다좋은데 알람음변경 왜안되죠ㅡㅡ 설명나와있는대로도 말해보고 다르게도말했는데 다 알아듣고 누구의 무슨노래로 등록할까요 해놓고서 응,그래 하면 아티스트명이나 라디오채널명 같이말해라는데 어떻게하는거죠 ㅡㅡ"
이지연,2,2018년 3월 2일,7,네트워크연결이 안됩니다. 이거 우째해야할런지?... 하루종일 핸드폰만 잡고 Wi-Fi연결만 시도해야하는건가요?
podo c,1,2018년 3월 4일,6,"데이터 잘 잡다가 끊어지고, 다시 잡는데 한나절 걸립니다. 음성 인식도 최악이고.. 돈 아깝네요."
Sunghwan Yang,4,2018년 2월 21일,6,"더 발전 가능성이 있기에 지금 수준에서는 지금대로 잘 쓰고 있습니다~ 근데 거실에서 라면 먹다가 문득 든 생각인데... 거리가 멀어지면 크게 불러야 하고 인식률도 떨어지니 연결된 휴대폰으로 볼륨 조절 외에도 음성명령 말할 수 있게 기능이 추가되면 좋겠습니다.  라디오 채널도 많으면 좋겠어요, EBS 회화 듣고 싶어요~~  카카오톡 보낼 때 이모티콘도 보낼 수 있도록 개선되면 좋겠습니다~ 그리고 카카오, 헤이카카오로 깨워서 명령어 내리는데, 다른 이름 예를 들면 카카오 프렌즈 이름인 라이언 이렇게 불러서 명령어 전달할 수 있도록 추가...전체 리뷰"
Soomin Lim,2,2018년 3월 9일,6,알람음악 xx의 xxx로 설정 - ...로 설정할까요? - 응 - 아티스트명을 말해주세요. 무한반복 중
신동우,1,2018년 3월 7일,4,기본적으로 네트웍 연결은 되야하는거 아닌가요? 팔기만하면 끝인가요? 리뷰에 회신도 하나 없네요... 사지마세요!!!!!
이한나,3,2018년 3월 5일,4,노래 정보가 잘못된게 있어요 그리고 음성인식률도 너무 낮아요
vaijae1,1,2018년 2월 18일,6,와이파이 연결이 안되는데 이게 개빡치네요. 환불해야겠네. 돌아버리겠음.
염동진,1,2018년 5월 7일,1,반복설정해달라니깐 자꾸 설정을 해제하는데.. 업데이트좀 자주해줘요
이세리,4,2018년 5월 6일,1,음..다른건 좋은데요. MBC FM은 안나오고 SBS FM만 나오네요. 그게 좀 아쉬워요.
김미경,1,2018년 4월 25일,2,한달째 사용못하고있어요 연결이안되요 ㅋㅋ이건뭐 돈이아까울정도
시장님.,1,2018년 4월 29일,2,SMS가 안오잖아 계속... 그래놓고 시간초괔ㅋㅋ 이게 말이 된다고 생각해?
junwhi kim,1,2018년 2월 18일,4,말귀 겁나 못알아쳐먹어요 5번말해야 1번 알아들음
장소연,5,2018년 4월 5일,2,유용하게 쓰고 잇어서 좋아요~~아쉬운점이 라디오 mbc가 안나와서 너무 ㅜㅜ아쉬어요 언능 업뎃 부탁드려요
김현아,5,2018년 3월 2일,2,너무 잘쓰고 있어요 노래도 듣고 날씨도 묻고 알람도 맞추고 짱짱 좋아요😁 저에겐 백점짜리예요💯
스웅,5,2018년 4월 12일,3,업데이트를 해줘라고말하면 업데이트가 필요하다면서 준비되면 말하라고하고업데이트를안해요....
Google 사용자,4,2018년 4월 12일,2,블루투스 연결시 너무끊기네요... 빠르게 개선 좀 부탁드려요 ㅠㅠ
김지원,4,2018년 2월 11일,4,꽤 재밌게 해보고 있어요! 건의사항 몇 개 올립니다.  1. 안내음성이랑 음악소리 볼륨을 제발 따로 설정할 수 있었으면 좋겠어요!! 같은 볼륨일 때 음악소리는 너무 큰데 안내목소리는 작아서 안들리더라고요ㅠ 그리고 알람소리도요.   2. 카톡 읽어주기 기능은 언제쯤 될까요? 빨랐으면 좋겠네요ㅜㅜ  3. 카톡 보내기가 같은 사람에게 연속 보내기가 됐으면 좋겠어요. '더 보낼까요?'라고 묻는 식으로! 그리고 열심히 말했는데 문장을 이상하게 만들어서 카톡 전송 아니라고 대답하면 아예 취소해버리니까 다시 헤이카카오를 부르고 %%에게 카톡 보...전체 리뷰
엘뤼아르,2,2018년 5월 26일,1,"왜 네트워크 연결이 안되냐고~~~~~~고~~~요~!!!! 진짜ㅠ 와이파이 비번도 맞는데 계속 연결실패라고 하고ㅠ 난도 헤이카카오랑 
얘기하고 싶단 말예욧~!!ㅠㅅㅜ"
배신재,4,2018년 2월 10일,6,완전편해요.계속업데이트 부탁합니다
최태준,5,2018년 4월 21일,2,카카오충전식이였으면 좋겟습니다 ㅠㅠ 그리고 점점인공지능 업데이트 하시는거죠??
송한호,4,2018년 3월 24일,2,노트8에서 블루투스가 지원안되는건가요?? 아무리 찾아도 안되네요...
박정한,3,2018년 3월 29일,4,매우 추천합니다. 앞으로 한국 최고 음성인식 스피커가 될거라 생각합니다.
장영진,3,2018년 2월 19일,2,평창올림픽 다음날짜 일정알려달라고 하니 계속해서 오늘날짜 리뷰만 하고 있네요
전우진,1,2018년 5월 29일,3,이런 ㅆfoot같은 쓰레기를 왜샀는지 에혀..
YUAE_D.O,1,2018년 3월 28일,2,계속 재부팅되네요 음악듣다가도 갑자기 꺼지면서 다시 재부팅안내나오고..사용을 할수가없네..
Erin Choi,3,2018년 3월 25일,2,스무고개 중 갑자기 뚝 끊어져요.ㅜㅜ
김한나,4,2018년 5월 18일,1,업데이트좀 하고 라디오 기능 좀 향샹 시켜줘요..라디오가 너무 질려..
God고블린 God,1,2018년 3월 9일,2,말을 해도 못알아처먹고 연졍할 짜증나서...
정예담,1,2018년 4월 13일,2,이거그거사야됨? 핸펀연결이않됨
ᅮᅲᅲᅲ,1,2018년 3월 8일,2,좀쓰더니맛탱이갓네요ㅡㅡ
임정규,5,2018년 5월 6일,3,잘 쓰고 있기는 하나 AS쪽에서 미흡한 부분이 있는거 같네요
재연전,1,2018년 5월 15일,2,저기요 연결이 안되는데 다시깔아도안되고요 왜 그런건가요?
Google 사용자,5,2018년 5월 13일,1,카카오미니 넘 신기하고 잼나요
Google 사용자,1,2018년 4월 21일,2,왜 업뎃때마다 연결이 초기화되나요...
다비,3,2018년 5월 4일,1,다 좋고 만족하는데 반복 설정이랑 반복 설정 해제랑 너무 구분을 못해요
Taewon seo,1,2018년 3월 29일,2,노트5인데 이거 와이파이가 안잡히네요  이거 답없는거요? 환불해야하나..
Isaac Lee,2,2018년 3월 8일,2,웃음소리 제거해주세요 무서워죽겠습니다.
한나경,1,2018년 3월 23일,2,와이파이가왜연결이안되나요?
리튜브,3,2018년 4월 24일,2,호흡기를 때고 다녀도 될 정도로 나아지는 날이 꼭 올거라 믿는다...꼭...
Google 사용자,1,2018년 4월 21일,2,노래틀어달라하면 뭔 베토벤 피아노곡 틀고자빠져써
김도형,5,2018년 4월 2일,2,아주 잘쓰고있습니다 휴대폰으로도 사용할수있게 해주세요~~!!!
최규희,4,2018년 3월 27일,2,호출명령어를 원하는 명령어로 할 수 있었으면 좋겠어요
박성훈,5,2018년 5월 1일,2,넘 재밌고 유용해요 ㅎㅎ
장형우,1,2018년 2월 16일,2,기대없이 핸드폰에서 모두 해결하길
Magnetic Tape Unit. _,5,2018년 6월 7일,2,노래듣기에는 아주 쓸만합니다
김동우,1,2018년 4월 24일,2,앱설치가 안됩니다 왜 그런가요?
L'Her,5,2018년 4월 1일,2,이거 날씨물어볼때 편함
전광순,4,2018년 6월 10일,1,알람을 맞춰놓으니 정말 좋아요
장성욱,1,2018년 2월 28일,3,와이파이 안잡히네요
windygames yt,5,2018년 5월 3일,2,아주 좋아요!
dark유튜브,5,2018년 5월 2일,2,기기가 좋아
체리뿌,5,2018년 4월 1일,2,너무 좋네요^^~
songhwa Chae,5,2018년 6월 8일,1,잘 쓰고있어요
이미봉,5,2018년 6월 7일,2,좋네요
손종수,5,2018년 2월 11일,3,좋아요
so young Park,4,2018년 1월 10일,9,조용히불러도 인식률이 좋네여. 지금은 거의 음악듣기용으로 쓰고있지만 다양한 방면으로 업데이트되길 기대하고있어요~업데이트 되는 만큼 생활곳곳에 유용할게 많아보여요. 지금은 일단 이름부터 바꿔부르고싶어요. 헤이카카오는 너무 길어요.
So Yeon HWANG,5,2018년 2월 9일,2,저는 2차로 사서 쓰고있고 부모님이 보고 갖고싶다길래 이번에 사드렸습니다. 한가지 되었으면하는 추가기능 요청드립니다. 1. 라디오 기능 충실하게 추가 (채널부족)  사실 이 기능과 음악듣기에서 음성으로 자동추천해주는 서비스 때문에 부모님을 사드렸는데 라디오가 안된다고 안타깝다고 하십니다. 음성인식 스피커의 기술력이 젊은사람보단 스마트폰을 쓰지만 활용을 잘 못하고있는 저희 부모님세대와 잘 맞지않나생각합니다. 현재 잘 쓰고있지만 기능 추가보다 있는기능의 컨텐츠도 좀 늘려주셨으면 합니다
Google 사용자,1,2018년 1월 21일,17,한마디로 평가하면 예쁜 쓰레기네요. 언제 업데이트 되나요? 출시한지 2달은 된 거 같은데 안 되는 기능이 너무 많아서 기대에 못 미치는 상품입니다. 너무 성급하게 제품 출시한 거 같고 정말 실망스러워요. 조금만 주위가 시끄러워도 소리인식 안 되고 답답해서 그냥 직접 합니다.
이용일,1,2018년 2월 8일,3,앱과 기기연결이 안되 집 와이파이 문제인가 하고 인터넷 회사까지 연락하고 다른 기기들은 와이파이 잘잡히는데 왜 그런지 고민하다 새벽 3시넘게 쌩쇼를 하고 있었네요. 혹시 하고 여기 와서 댓글을 보니 저만 그런게 아니었네요. 화가나서 환불하고 싶지만 선물해준 분 성의가 고마워 포기하고 자고 교환을 하던 해야겠습니다.
박치순,1,2018년 1월 27일,9,이거 완전히 쓰레기네요. 연결할 와이파이는 제대로 찾지도 못하고 공유기 바로 앞에서도 폰은 잘되는데 앱에서는 연결할 와이파이 없다고 하고 다른 집에서 하면 잠깐 되다가 또 끊어지고 카카오미니 물건도 쓰레기. 앱도 쓰레기 수준입니다. 음성 인식율 수준 이하입니다. 그동안 기가 지니와 카카오 미니 써보니 음성인식은 지니가 낳고 음답 메세지는 카카오가 아주 조금 낳은 편이네요.
한승오,3,2018년 1월 26일,2,"세부적으로 인식하는게 너무 안되요 아이돌들은 스페셜앨범, 정규, 미니 이런식으로 되어있는데 그것도 잘못알아듣고 저는 엑소 겨울스페셜앨범이 듣고 싶은데!!!팟캐스트도 김생민의 영수증 첫방틀어달라고 해도 안되고 일편도안되고 첫번째에피소드도 안되고 어쩔때 첫방인식해도 12화쯤 되는건 계속해서 다음편...다음편.. 이렇게 할 순 없잖아요!!!!!!!ㅠㅠㅠㅠ너무 아가미 답답해요ㅠㅠㅠ이런거 인식은 언제되나요ㅠㅠ카카오 좋아하는데 이런 부분은 클로바인지 클로버인지 걔랑 너무 비교되요ㅠㅠㅠ지인한테 추천 안하고 싶은 정도에요ㅠㅠㅠ노래만듣고 이럴꺼면 ...전체 리뷰"
탁명준,4,2018년 1월 25일,2,업데이트를 차근차근하다보면 괜찮을것같고 기계치들 모르겠으면 검색도하고 좀 찾아보고 징징대라 리뷰보면 암걸릴듯..ㅉㅉ
Bartholomew Jojo Simpson,1,2018년 2월 6일,3,업데이트는 하나도안해서 다 못들었다고하고 지가할수없는일이라고 하고 부르지않아도 혼자응답할때가 많음 특히 멜론노래들을려고 샀는데 노래를못찾았다고만 계속하고 답이없음 판매만하지말고 업데이트할생각을해야됨
Google 사용자,2,2018년 2월 4일,2,연결이 되었읍니다 이제 카카오야 라고 불러주세요  ... 카카오야 !!  ... 인터넷 연결이 안되었읍니다 카카오미니앱을 설치후 연결해주세요  이건뭐지? 계속 한시간동안...
허민주,1,2018년 1월 10일,4,연결자체가 안됩니다 ㅡㅡ 2시간째연결하고 있는데 한번도 안됬어요 리뷰읽어보니 두번이나 교환하신분도 안된다고 하는 거 보니 제꺼도 불량아닌가싶네요 카카오미니말고 집에 블루투스 스피커가 2개나 있는데 잘만연결됩니다 ㅡㅡ 한달넘게 기다렸다 받은건데 너무하시네요 실망이 큽니다 환불의사도 들만큼요
Google 사용자,3,2018년 2월 11일,2,아이폰8플러스에서 블루투스 연결시 페어링모드진입후에 연결이 안됩니다. 이 문제 수정해주세요.
이지효,3,2018년 1월 10일,5,좋고편한데 스피커인데 충전식이아닌거랑 카카오라고안해도 혼자막인식해서 노래나오거나 말하는거  톡읽고 전화가안대는게 좀답답하네요  다른건 잘하고 알람이나 노래 마니사용해서편해여 눈감고말하면다하니ㅋㅋ  업뎃 언능 해주셧으면좋겠어요 기대가컷던만큼 실망이좀 잇네요
늄늄,3,2018년 1월 9일,2,일본노래 재생하고 싶은데 일본어 인식을 못하는거 같아요 기능 추가 부탁드려요ㅠㅠ
최영순,3,2018년 1월 4일,19,항상 전원을 연결해야하는 번거로움.. 배터리로 가능한줄 알았늣데ㅜㅜ
밥로스,5,2018년 1월 13일,2,"제품은 참.. 좋은데 제가 멜론신규 이용자라서 멜론 6개월이용권하고 같이 샀거든요, 그런데 아직까지도 이용권없음으로 뜨네요 혹시 누락 된건가요?"
최진석,5,2018년 1월 26일,5,핸드폰에서 원격으로 명령할수 있으면 좋을꺼 같아요 가서 말할려니 불편하네요
MS테리,4,2018년 1월 20일,3,알람 볼륨 따로 설정할수있게 해줘요 잘때 조용히 듣다가 아침에 알람도 조용해서 안들리네요
전규태,5,2018년 2월 7일,2,정말좋네요ㅎㅎ 바탕화면에서 바로볼륨컨트롤이 가능하도록 위젯이 나왔으면 좋겠어요!!!
김잉여,1,2018년 2월 7일,3,명령어 넣었더니 일시적인 오류로 처리할 수 없다고만 하네요
조성욱,2,2018년 1월 24일,2,말을 잘 이해가 안가고 선도 그렇고 많이 불편해요 알람음을 이 앱에서 바꿀수 있게 해줬으면 좋겠어요.
ks kim,4,2018년 1월 15일,2,전반적으로 만족합니다. 음악은 멜론말고도 카카오뮤직도 연동해 주시면 좋겠습니다.
권오현,3,2018년 1월 18일,1,"헤이카카오, 날 무시하지 말아줘~ 왜 할말없으면 그냥 꺼지는거야~ 꾸준한 피드백을 해봐~"
조성재,2,2018년 1월 17일,3,이거 멜론이용자가아니면 노래못듣나요?
미소제이,2,2018년 2월 8일,2,인식은 괜찮은 편이나 문제점이 상당히 많음. xx할때 듣기좋은 노래 틀어줘 하면 그 곡의 순서는 항상 똑같음 여기서 랜덤재생해줘라고 한번 말을 더해야되는데 왜 이렇게?..  내 멜론 플레이리스트도 재생이 가능했던점 아주 맘에들었음  야간에 일하는 사람이라 통상 일~목저녁에 알람을 맞춰야되지만 어떤 방법을 써도 그렇게 설정할순 없었음 평일이면 평일 또는 모든요일 밖에 설정 불가.. 휴대폰 알람 사용하기로 했습니다.  아직까지는 멜론이 연동된 자체 멜론스피커로밖에 활용이 안되는것 같아요.  +연에인의 정보를 알려달라고하면 알려주기는 하...전체 리뷰
홍찬호,1,2018년 2월 7일,2,이거 왜 기계가 오류라고 뜨죠?
박세찬,5,2018년 1월 9일,2,라이언이 말을 잘 듣지않긴하지만 최고
푸껫,4,2018년 1월 15일,2,만족스럽습니다. 좀더 기능이 추가 되었으면 좋겠어요.
주심원,5,2018년 1월 17일,2,와이파이 네트워크 설정에서 아무것도 안뜨는데 어떻게 해야 하나요?
집사성우,5,2018년 1월 7일,1,업데이트좀 많이됬으면 좋겠습니다
최용원,5,2018년 1월 31일,1,음...아주 약간 미흡한건 있지만 조만간 최고가 될듯 하네요 너무 좋아요
Chelsea FC,5,2018년 1월 6일,2,오ㅓ!!!!넘넘 조타.!!!!
박크태호,5,2018년 2월 2일,2,너무 좋습니다
Yeon Hee,3,2017년 12월 9일,11,블루투스 기기연결이 안돼요. 제가 폰이 두개인데 겔노트Fe하고 겔노트3 둘다 앱 지우 새로 다시 등록해도 안돼요. 업데이트는 다 최신버전인데 ..인터넷와이파이는 괜찮아서 다른기능은 잘 자동되요.. 블루투스 요 하나만 연결이 안되서 답답하네요.
이성원,1,2018년 1월 1일,6,연결 진짜안되네 될땐 5분은걸리는것같고 이거테스트는해보고파는거야? 아얘안되면 뭐바꿔달라고라도하지 엄청 연결안될땐 안되고 될땐되고 후우 이런걸팔다니  후기보고 다른사람들이 예민하네생각했는데막상사보니나도이러네
Yeongmi Jeong,3,2017년 12월 14일,9,제발 와이파이연결좀 시켜줘 카카오미니..ㅠ 그리고 관리자님.. 이글을 보신다면 카카오미니가 톡을 읽을수있게 해주세요.. 읽을수없는데 답장만가능한 시스템이어서 조금 불편해용
Jy Hong,1,2017년 12월 20일,8,이런 간단한 대화조차 안되는 멍청한 기기와 앱을 인공지능 스피커랍시고 내놓는게 말이 되는지 모르겠네요. 앞으로 업데이트를 하시겠지만 갈 길이 정말 멀어보입니다.성급하게 상품화한거 정말 반성하셔야 합니다.
Jay H,2,2017년 12월 19일,6,가장 큰 문제점은 영어를 못알아먹는다는것. 예를 들어 Katy Perry에 Chained to the rhythm 틀어 라고 하면 모르고 케이티 페리에 체인드 투더 리듬 틀어 라고 한국식으로 해야 알아듣는다는거.
박채현,1,2017년 12월 25일,2,김성규의 '60초' 틀어달라고 하면 지원하지 않는 기능이래요 노래를 1분만 틀어달라는건가 하고 생각하고 이렇게 저렇게 다르게 불러봐도 모르고.... 불러도 한 세 번은 불러야 인식하고 인공지능 AI가 아닌 음성인식 스피커.. 제대로 듣지도 못하는데 노래틀기는 또 불러서 틀어야 하고... 인공지능...카카오...멍청...
Henry Park,4,2017년 12월 22일,2,노래가 잘 나오다가 중간에 끊기는 현상이 있는데 왜 그럴까요 ㅠㅠ? 다른건 매우 만족 중입니다!!!! 음질도 좋은데요?ㅎㅎ
Google 사용자,2,2017년 12월 22일,2,스무고개하는데 왜자꾸 일시적 오류!!!!  오늘샀는데 바로 후회중이네요 모 되는게없네요 이상한말만하고.  다못알아듣고
low fat,3,2017년 12월 15일,4,잘때 듣기 좋은 노래 틀어줘 를 자주하는데 몇일 듣다보니 똑같은 노래들만 나와요 ㅠㅠ 그리고 치즈 노래 틀어줘 했는데 쉬즈나 키즈?라는분 노래만 나오고 말끼 못알아먹음 ㅠㅠ
박건용,3,2017년 12월 27일,3,아니 영어못알아듣는건 내발음이 쓰레기겟거니 하겟는데 왜 숫자도 못알아듣는거죠? 멜론마이크랑 다른마이크어플은 잘만 알아듣는데 이놈은 왜이럽니까?
홍석우,1,2017년 12월 16일,8,"시작부터 네트워크 연결이 안되면 어떡하라는거죠?? 해결방안도 제시되어 있는것도 아니고, 그냥 벽돌을 산 것 같아요 ㅡㅡ.. 저와 같이 안되는 분들이 꽤 많은 것같은데 빨리 해결해주세요 반품하고싶어지려고 하니까"
김영욱,4,2017년 12월 14일,9,알람만 볼륨따로설정할수있게해주세요!! 자기전에 소리작게 노래듣다가 아침엔 큰소리로 깰수있게! 이것만되면 제 기능 다하는거라봅니다
S.H. Kim,1,2017년 12월 27일,2,우렁찬 사운드...집안 곳곳 크게 잘들려요. 네트워크 불안정하다고 인식 안되다가 연결되면 조용한데도 그동안 명령들은거 맘대로 실행됨 ㅡㅡ
이동우,1,2017년 12월 15일,7,절대 사지마세요  내가 처음 리뷰쓰는데 이런걸 만들고 돈을 받다니 와이파이연결 안되고 블루투스 연결따위 없고 그냥 카카오로 인테리어 할꺼 아니면 지금은 사지 마세요 지금30분째 와이파이 연결 시키는데 되지도 않고  아니 당연히 자동연결 되야 하는게 아닌가요? 할때마다 연결 하게 할꺼면 귀찮아서 누가 하는지  지금은 아니에요 이런거 수정되고 사도 되세요
정소혜,1,2017년 12월 7일,6,저 잠시옵티머스뷰를쓰고있는데 와이파이 연결이안되네요 핸드폰호환이안돼서그런건가요? 사놓고 못쓰고있는 그림의떡이됐는데 어떻게안되나요?
김람쥐,4,2017년 12월 28일,3,전반적으로 예상했던 수준이구요 다 좋은데 새로 생겼으면 하는 기능이 있어서 리뷰남겨요  우선 뉴스읽는 속도가 좀 빠릅니다 읽기 속도조절기능이 생겼으면 좋겠어요 한 세단계 정도로요 그리고 이어말하기하려면 좀 생각할시간도 필요한데 너무 빨리끝나서 서둘러서 아무말하게되는데 이것도 시간을 좀 늘려주셨으면 좋겠습니다
시대평생교육원시대고시기획,1,2017년 12월 19일,3,네이버 검색해도 오류글 안나오더니 여기 다나오네 네트워크 오류 나서 또 연결안됨 두번째 교환한 너마저!
김우주,1,2017년 12월 21일,2,아직은 뭐가많이 안되네요   카카오미니에서 재생중인게 멜론어플이든 알수있었으면 좋겠네요  그리고 블루투스 연결이 된다는데  저는 '블루투스 페어링 모드'라고 하면은  헤이카카오 앱에서 블루투스기기를 등록한후 사용해주세요 라고 나와요ㅜ
Jin Yoo,1,2017년 12월 5일,9,죄송하지만 누구 스피커가 더 좋아보이게 해주는 아이템입니다. ㅠㅠ
Google 사용자,1,2017년 12월 5일,5,네트워크빵빵한데 시도때도없이 네트워크 상태가 불안정해요 이거왜이런거에요?
so mild,1,2017년 12월 4일,5,스마트? 그냥 알람지원되는 팟캐스트 라디오정도 밖에 안되네. 이게 무슨 스마트 스피커예요?
Yak _D,1,2017년 12월 31일,4,잘 잡히던 와이파이가 잡히지 않는다. 며칠째 반복..흠... 이럴거면 블루투스 스피커를 샀겠지...
맨마우스,1,2017년 12월 9일,3,와이파이설정에서 왜 와이파이가 꺼지죠? 지금 엄마핸드폰빼고 다 와이파이설정에서 와이파이가 꺼지는데 왜 이러는거죠?
스퀘어sqare,5,2017년 12월 16일,1,와 완전 잘 만듬 블루투스 연결 짱 잘 되고 와이파이로 폰 연결해서 노래까지 들을 수 있다니 이거 만든분 쩐다
채수정,5,2017년 12월 8일,3,생각보다 인식잘되고 좋아요. 사용하기 쉬워서 그런지 저보다 어머니께서 더 자주 사용하십니다
벨트터진윤하,4,2017년 12월 10일,3,블루투스 연결하고 노래들으면 음질이 조금씩 뚝뚝 끊기네요 수정부탁드려요
조해진,4,2017년 12월 9일,0,무선 아니여서 불편함 블루투스in도 안되고 나한테 노래제목 보내달라고했더니 다른사람한테 보내버려서는 ㅠㅠ 인식 잘못하기도하고 wifi연결 만되고 애기들 노래 동화 듣기용 앱에서도 인공지능되었음 기능 업글 빨리되었음 좋겠다
Orange,1,2017년 12월 16일,3,저기요 이거 와이파이 연결이 왜 안돼는거죠
정진욱,2,2017년 12월 10일,3,뭐가 스마트한건지 모르겠네요.... 외국곡은 검색도 잘 안되고ㅠㅠ
문한선,1,2017년 12월 5일,1,버그가너무많다 인식율도떨어지고 위치정보 바뀌고 아직은 아닌것 같다
선승규,5,2017년 12월 20일,2,관리자님 위치가 계속 서울 부암동으로 고정 됩니다... 어떻게 해야하나요
양현순,5,2017년 12월 9일,3,카미니는내친구ㅋ
고먐미,3,2017년 12월 4일,4,"인식안될때 ""네?""  하고 씹으면 기분이 안좋음..."
박다현,5,2017년 12월 9일,1,일본 동화도  되게해주세요
cynical Kim,1,2018년 1월 9일,0,음성인식이 왜 안되는거죠?
ByoungHun Lee,4,2017년 12월 21일,2,라디오로 알람 설정하는 업데이트 해주세요!
김진한,5,2017년 12월 8일,2,음질도 좋고 반응도 빠릅니다
조철호,4,2017년 12월 25일,1,대단하다   굳
HJ J,2,2017년 12월 5일,5,"블루투스로 스피커 연동할 수 있는 줄 알고 구입했는데...잘못알고있었네요ㅠㅠ 알았으면 구입안했을텐데, 그다지 똑똑한 AI도 아니고, 무슨말만 하려고 하면 계속 불러야하고, 안불렀는데 갑자기 말걸고고 음성인식율이 너무 낮은거 같아요.  그래도 카카오니까 업데이트 기대하겠습니다."
섬원,4,2017년 11월 29일,2,검색기능이 거의 안 돼요. 간단한 단어도 영어로 알려주지 못 하고요 음성인식률이 낮습니다 모르는 소리면 네? 하고 무시할 때가 많음  이동도 안 되고  카톡보내기 말고는 장점이 별로 없네요 기대가 컸어요
이민석,3,2017년 12월 1일,6,1. 폰찾기기능 제대로 안됨  초기화하면 몇시간 잘되다가 다시 안됨.  2. 중국어 일본어 인식안됨.  일본어를 한국발음으로 읽는데 소리 글자 깨지는거보고 기겁함. 그래서 노래 못찾음.  3. 인식률 거지같음.  anya marina(안냐 마리나)노래 틀어달라는데 고래고래 소리질러서 겨우됨. 진진자라는 아예 씹어서 기분 뭐같았음.  4. 블루투스 스피커기능도 있으면 좋겠음.
정효민,1,2017년 12월 4일,3,카카오라 기대를 너무했다 싶네요 카톡보내는 기능 이외에 다른 제품보다 한참 부족하네요
Eun Jun,3,2017년 11월 29일,5,업데이트후 '강아지똥 ost틀어줘'해도 인식안되요. 다른노래 나와요ㅡㅡ
곽동기,5,2017년 11월 9일,7,새로운 세상!! 앞으로 더욱 발전된 모습이 기대됩니다
Google 사용자,3,2017년 11월 16일,13,멜론 연결이 안 돼요. 동의받기 창에 오류메세지만 뜨네요.
박정현,4,2017년 11월 26일,3,좋습니다. 다만 노래 재생할때 불빛이 들어 왔으면 좋겠습니다 먼가 허전합니다
윤인영,3,2017년 11월 8일,17,"알람도 중요기능인데, 공휴일은 알람해제한다던지 월~금에만 알람울린다던지 하는 세부기능이 있으면 좋겠네요"
Google 사용자,5,2017년 11월 16일,3,멜론연결이 안돼요 오류창만 뜨고ㅠㅠ
꼬꼬끼끼,3,2017년 11월 28일,1,알람은 좀 크게해주세요 음악들으면서 자느라 작게틀어놓으면 그 음량대로 알람이켜지네요
Google 사용자,1,2017년 11월 16일,3,멜론연결좀 되게해줘요
Dennis Hong,5,2017년 11월 13일,2,카톡보내기 음악 메모 알람 기능 너무 좋아요!
Sangin Kang,1,2017년 11월 19일,2,멜론 연결이 잘 안 되요
Pastel Colors,4,2017년 11월 16일,4,멜론 연동 왜 안되요??
sunghee min,3,2017년 10월 26일,16,생각보다.. 별로네요..ㅜ  일정 기능과 함께 매년 돌아오는 기념일 기능이 필요할것 같아요.. 외국어 관련은 답할수 있는게 없나봐요.. 인물 검색 기능에서는 세종대왕님도 답변을 못하네요.. 데이터 량을 늘려야 하지 않을까요? 인기 영화.. 라고 하니 영화 ost틀어주네요.. 전 인기 상영작을 말해주길.. 바랬는데.. 핸드폰 찾아줘 하니.. 알람 보낼까요? 응또는 보내줘.. 라고 답해줘도 인식 잘 못하구요.. 무튼.. 다양한 검색기능도 활용되야 할것 같네요..
FDS Teemo,5,2017년 10월 28일,6,연결하는데 별 문제 없었고 멜론 쿠폰도 잘 등록됐습니다. 대충 말해도 다 알아 듣고 실행하는게 너무 신기하고 좋네요~ 다만 와이파이 없는 곳에서는 벽돌이 되버리는게 조금 아쉽기는 합니다. 무튼 완전 만족합니다
이승규,1,2017년 10월 28일,9,앱 문제인지 스피커문제인진 모르겠으나 핫스팟으로는 되고 일반 와이파이연결은 안되네요. 참고로 집 공유기 와이파이는 다른 기기에서 잘 잡힙니다. 이런 와이파이 연결문제는 저만그런게 아닌거같은데  빨리해결책을 주세요.에이에스 맡기는거도 시간걸릴거같은데
김혜은,3,2017년 10월 27일,2,스카이 아임백은 연결이 안돼요...이럴수가...연결이 ㅖ속안되길래 에이엣맡기려다 다른사람핸드폰으로해보니까 되네요...그렇다고 제핸드폰이 다른 블루투스 스피커가 안되는건아니에요 이둘만 서로 충돌이있나봐요...어떡하죠
정성민,1,2017년 10월 26일,9,앱으로 연결이 안됨.... 블루투스 스피커로만 쓰라는 건가 기능 하나도 못쓰네... 그리고 발열 장난아님 ㄷㄷ
장종인,1,2017년 11월 2일,7,"초기버전이라고는 하지만 안되는게 너무 많고 인식율, 기사읽을때 발음 등 너무 떨어짐. 음악듣는 중에 음성인식이 안돼서 정말 악을 써야 알아들음. 네이버 프렌즈도 사용중인데 비교했을 때 낙제점 수준. 후발주자인데도 기능은 한참 못미침. 야구경기 결과 조차 대답을 못하고 뉴스검색만 됨. 외부스피커 연결은 핀번호 입력이 필요한 블루투스 스피커하고는 연결이 안되는 듯 하고 초반에 와이파이 네트워크도 잘못잡아서 연결 한참걸림. 네이버 프렌즈하고 비교해서 나은게 하나도없음 정녕 멜론 이용권하나로 팔아먹을거 아니면 인공지능 스피커 답게 만드시길...전체 리뷰"
daesik son,1,2017년 10월 27일,4,헤이카카오 앱 연결이 안됨.  그냥 블루투스 스피커네요.  고객센터 전화도 연결안됨.
Minseong Song,3,2017년 10월 24일,5,집안에 iot제품은 어떻게 연결하나요?
Google 사용자,5,2017년 10월 18일,1,"드디어 '카카오미니' 사용을 위해, '헤이카카오'앱이 출시되었군요^^ '카카오미니' 정식판매 시에는, 수량제한 없이 구매 가능한가요?"
Seong Cheol Bang,5,2017년 10월 18일,2,배송이 오기만을 기다립니다~~
Jack Roh,5,2017년 10월 21일,3,"동화들려줘, 영어동화 들려줘, 내폰 찾아줘 이런것도 되네요 b^o^b"
아라조사,5,2017년 10월 19일,5,헤이카카오 삶을 행복하게 해줘:-)
현모정,5,2017년 10월 20일,0,기대중입니다~
김기덕,5,2017년 10월 20일,0,쩌네요 ㅎ
Google 사용자,5,2017년 11월 7일,1,친구같아서 좋았어요!
김억곤,5,2017년 10월 21일,0,헤이  카카오    로또번호
김은석,5,2017년 11월 5일,3,기대됨
이영민,4,2017년 10월 26일,1,좋네요.
Sohyun Kim,4,2017년 10월 30일,2,기기에 대한 얘기를 어디에 남겨야 할지 몰라서 여기에 적어봅니다. 초기 버전이라 여러가지 부족한 점이 있는건 어쩔 수 없긴 한데 제가 가장 불편하다고 느끼는 점 하나만 남겨봅니다. 팟캐스트 들을 때 꼭 최신화만 듣는게 아닌데 팟빵에서 지대넓얕 43화 틀어줘 라고 하면 못 알아들어요. 자꾸 마지막화만 틀어주네요. 근데 또 첫화 틀어줘는 알아듣긴 하네요.
다은Daeun,5,2018년 5월 6일,1,저 이거 어제 택배로 욌는데 진짜 대박입니다..ㄷㄷ 👍인공지 능 클라스..
Rex Kim,3,2018년 11월 21일,1,드디어 카톡을 읽어주네요.... 많이 기다렸어아. 근데 그룹창은 안 읽게하고 싶은데 방법 없나요?
옐로팝,1,2018년 4월 4일,1,어제되었는데다음날연결선꽂아서해보았는데안되요 네크워크오류문제라고뜨네요
Google 사용자,1,2017년 12월 15일,2,멀쩡한 갤3에 연결이 안됩니다. 어떤 기기는 안되고 어떤 기기는 되면 이거 폰바꾸라는 건가요?
붉은늑대,4,2018년 3월 12일,1,"좋은데 말을 이해를 못하고요, 와이파이나 네트워크가 필요한게 아쉽네요 ㅠㅠ"
N.R S,1,2018년 2월 12일,2,속았어 젠장 이래서 세일해서 파는거였어
김한언,1,2018년 2월 10일,2,공유기 바로 옆에서 해도 네트워크가 불안정한건 어떻게 된거임?????
김재민,5,2018년 7월 20일,2,카카오 네비도 연동되었으면 좋겠습니다.
이상적 추구.,1,2018년 8월 9일,0,이거 가입하니까 다 1분미리듣기로 되네ㅋㅋㅋ
곰팡구,1,2018년 6월 17일,0,일단 말을 못알아들으면 어떡하란거야..
느낌djdnffj,5,2018년 1월 3일,2,앞으로가 기대됌니다.
Ground Play,1,2018년 1월 16일,2,랙이 좀 걸리고 튕기네요...
주장호,2,2018년 10월 15일,1,"모기 쫓는소리 되돌려주세요,, 갑자기 클래식 나와서 잠 안옴;;"
개지힝,5,2018년 1월 3일,2,다음 업데이트때 잘만들어주세요
잇섭의망치,4,2018년 5월 24일,1,좋은데..... 벅스 연동만 됬으면 좋겠어요
김민영,2,2017년 11월 22일,2,계속연결이 안돠요....
Google 사용자,4,2017년 11월 6일,0,좋ㅇㆍ
백초원,5,2018년 2월 7일,2,너무 귀엽고 좋아요^^
정재익,2,2018년 6월 27일,0,작동이 안되네요
훈이야놀자,5,2018년 3월 18일,2,넘나 좋은것
gee gee,1,2018년 6월 26일,1,그냥이쁜쓰레기
Hana하나,5,2018년 6월 7일,1,아주 좋아여
칠투비와엓망진창,5,2018년 4월 23일,2,짱좋아 ㅋㅋㅋㅋㅋㅋ
뿌챱,5,2018년 2월 8일,2,너무좋아요
조유리,5,2017년 12월 29일,2,좋아요😇
Google 사용자,5,2018년 8월 22일,1,나이스
주경수,5,2018년 2월 2일,2,좋아용
손창,5,2018년 1월 19일,1,좋네요 ㅎㅎㅎㅎ
tv클래버,5,2018년 11월 10일,0,S8
박중수,5,2018년 12월 7일,0,Heh
김진번,5,2018년 11월 29일,0,짱
이이준서,5,2018년 5월 11일,0,정말 편리하내요^^
parktaste박맛,5,2017년 12월 29일,2,최고
한기종,5,2019년 3월 28일,0,최고
김&우김관우&우연주,5,2018년 10월 26일,0,짱짱좋음까라보샘👍👍👍👍👍👍👍👍👍👍👍👍👍👍👍👍👍👍👍👍👍👍
