,id,text,created_at,retweet_count,like_count,reply_count,user_name,user_id
0,869849681295060992,"총 396,000원을 납부해주시면 됩니다. (약정 만료 후 별도 할인반환금 없이 무료 임대) 만약, 기가지니 스피커 본체만 구매를 원하신다면, TV 요금제에 따라 이용료(IPTV 서비스 이용료)가 부과되며 (계속)",2017-05-31 09:34:59,0,0,0,KT_CS,kt_cs
1,869849592027684868,"오래 기다리게 해드려 죄송합니다. 고객님께서 기가지니 스피커 본체만 임대를 원하실 경우, 약정에 따른 임대료가 5년간 부과되는데요~ 예를 들어, 3년 약정으로 가입하실 경우, 월 6,600원(vat 포함)으로 (계속)",2017-05-31 09:34:38,0,0,0,KT_CS,kt_cs
2,864752339927810048,“앱만 깔면 OK”… AI비서‘네이버-클로바’차별화 승부수. 스마트폰 갤럭시S8에 탑재된 빅스비를 비롯해 SK텔레콤 음성인식 AI 스피커 누구와 KT의 기가지니 등이 경쟁 http://www.munhwa.com/news/view.html?no=2017051701031903018001 …,2017-05-17 07:59:58,0,0,0,appnewskorea,appnewskorea
3,869849681295060992,"총 396,000원을 납부해주시면 됩니다. (약정 만료 후 별도 할인반환금 없이 무료 임대) 만약, 기가지니 스피커 본체만 구매를 원하신다면, TV 요금제에 따라 이용료(IPTV 서비스 이용료)가 부과되며 (계속)",2017-05-31 09:34:59,0,0,0,KT_CS,kt_cs
4,869849592027684868,"오래 기다리게 해드려 죄송합니다. 고객님께서 기가지니 스피커 본체만 임대를 원하실 경우, 약정에 따른 임대료가 5년간 부과되는데요~ 예를 들어, 3년 약정으로 가입하실 경우, 월 6,600원(vat 포함)으로 (계속)",2017-05-31 09:34:38,0,0,0,KT_CS,kt_cs
5,864752339927810048,“앱만 깔면 OK”… AI비서‘네이버-클로바’차별화 승부수. 스마트폰 갤럭시S8에 탑재된 빅스비를 비롯해 SK텔레콤 음성인식 AI 스피커 누구와 KT의 기가지니 등이 경쟁 http://www.munhwa.com/news/view.html?no=2017051701031903018001 …,2017-05-17 07:59:58,0,0,0,appnewskorea,appnewskorea
6,849864709104742401,완성이자 새로운 시작_Galaxy S8 http://www.tubloo.com/18702  #완성이자_새로운_시작_Galaxy_S8 #캐이득 캐이득뉴스 케이득 kt 인공지능 ai스피커 기가지니 gigagenie #Tubloo,2017-04-06 06:01:51,0,0,0,투블루봇,tubloo_bot
7,842272156465606656,LTE egg+ 체인지업 http://www.tubloo.com/18575  #LTE_egg+_체인지업 #캐이득 캐이득뉴스 케이득 kt 인공지능 ai스피커 기가지니 gigagenie #Tubloo,2017-03-16 07:11:45,0,0,0,투블루봇,tubloo_bot
8,841992319612076032,3년약정 만료고객 200Mbps로 사로잡기 http://www.tubloo.com/18546  #3년약정_만료고객_200Mbps로_사로잡기 #캐이득 캐이득뉴스 케이득 kt 인공지능 ai스피커 기가지니 gigagenie #Tubloo,2017-03-15 12:39:47,0,0,0,투블루봇,tubloo_bot
9,841985496108613634,3년약정 만료고 고객님들에게 드리는 특별한 200 http://www.tubloo.com/18544  #3년약정_만료고_고객님들에게_드리는_특별한_200 #캐이득 캐이득뉴스 케이득 kt 인공지능 ai스피커 기가지니 gigagenie #Tubloo,2017-03-15 12:12:40,0,0,0,투블루봇,tubloo_bot
10,849864709104742401,완성이자 새로운 시작_Galaxy S8 http://www.tubloo.com/18702  #완성이자_새로운_시작_Galaxy_S8 #캐이득 캐이득뉴스 케이득 kt 인공지능 ai스피커 기가지니 gigagenie #Tubloo,2017-04-06 06:01:51,0,0,0,투블루봇,tubloo_bot
11,842272156465606656,LTE egg+ 체인지업 http://www.tubloo.com/18575  #LTE_egg+_체인지업 #캐이득 캐이득뉴스 케이득 kt 인공지능 ai스피커 기가지니 gigagenie #Tubloo,2017-03-16 07:11:45,0,0,0,투블루봇,tubloo_bot
12,841992319612076032,3년약정 만료고객 200Mbps로 사로잡기 http://www.tubloo.com/18546  #3년약정_만료고객_200Mbps로_사로잡기 #캐이득 캐이득뉴스 케이득 kt 인공지능 ai스피커 기가지니 gigagenie #Tubloo,2017-03-15 12:39:47,0,0,0,투블루봇,tubloo_bot
13,841985496108613634,3년약정 만료고 고객님들에게 드리는 특별한 200 http://www.tubloo.com/18544  #3년약정_만료고_고객님들에게_드리는_특별한_200 #캐이득 캐이득뉴스 케이득 kt 인공지능 ai스피커 기가지니 gigagenie #Tubloo,2017-03-15 12:12:40,0,0,0,투블루봇,tubloo_bot
14,930933662123782145,"AI 스피커의 VUX 설계 시 고려할 것들
누구, 웨이브, 기가지니, 에코, 구글 홈 등등 국내외 AI 스피커 시장이 점점 커지고 있습니다. 사람들이 AI 스피커로 얻는 가치는 무엇일까요? 그리고 기획자들은 VUX를 설계할 때 무엇을 고려해야 하는지 정리해 보았습니다.
http://story.pxd.co.kr/1273 ",2017-11-15 23:00:55,2,14,0,"pxd, Inc.",pxdstory
15,930611427366223872,"❝기가지니 우리홈IoT뱅킹❞
TV를 보면서 편하게 즐기는 뱅킹
손 하나 까닥하지 않고 만날 수 있는 뱅킹

은행권 최초 인공지능 스피커,
KT 기가지니에서 제공되는 
#우리홈IoT뱅킹
기가지니 스피커에
“지니야~! 우리은행”이라고 
불러보세요
https://youtu.be/BRRgnk0Jck4 ",2017-11-15 01:40:28,0,0,0,우리은행,wooribank
16,921803589265145857,스피커 알아보는 중인데 기가지니 같은 인공지능 스피커 사고 싶어...,2017-10-21 18:21:16,0,0,0,ᴇɴᴠʏ,1_1_21__
17,919220829749047296,기가지니 셋톱박스가 블루투스 스피커도 되는데 이제야 제대로 써보고 있다 좋구만ㅋㅋㅋ,2017-10-14 15:18:18,0,0,0,망고망고,mangoes13
18,930933662123782145,"AI 스피커의 VUX 설계 시 고려할 것들
누구, 웨이브, 기가지니, 에코, 구글 홈 등등 국내외 AI 스피커 시장이 점점 커지고 있습니다. 사람들이 AI 스피커로 얻는 가치는 무엇일까요? 그리고 기획자들은 VUX를 설계할 때 무엇을 고려해야 하는지 정리해 보았습니다.
http://story.pxd.co.kr/1273 ",2017-11-15 23:00:55,2,14,0,"pxd, Inc.",pxdstory
19,930611427366223872,"❝기가지니 우리홈IoT뱅킹❞
TV를 보면서 편하게 즐기는 뱅킹
손 하나 까닥하지 않고 만날 수 있는 뱅킹

은행권 최초 인공지능 스피커,
KT 기가지니에서 제공되는 
#우리홈IoT뱅킹
기가지니 스피커에
“지니야~! 우리은행”이라고 
불러보세요
https://youtu.be/BRRgnk0Jck4 ",2017-11-15 01:40:28,0,0,0,우리은행,wooribank
20,921803589265145857,스피커 알아보는 중인데 기가지니 같은 인공지능 스피커 사고 싶어...,2017-10-21 18:21:16,0,0,0,ᴇɴᴠʏ,1_1_21__
21,919220829749047296,기가지니 셋톱박스가 블루투스 스피커도 되는데 이제야 제대로 써보고 있다 좋구만ㅋㅋㅋ,2017-10-14 15:18:18,0,0,0,망고망고,mangoes13
22,886603108041674752,"AI 스피커 춘추전국시대... #트렌드와칭뉴스 

어떤 스피커를 영입하겠소?
""기가지니, TV 꺼""

비긴어게인 다 보고 마무리~ http://fb.me/8yw38Zwhx ",2017-07-16 15:07:07,0,1,0,배운철,think1more
23,885040266385784832,[다나와][KT기가지니] 인공지능 스피커 최저가 구매시 핸드선풍기 무료증정! http://blog.naver.com/gukppa/221049850345 …,2017-07-12 07:36:57,0,0,0,banguman1234,banguman1234
24,880576315266609152,"KT 기가지니 기대했는데 인식률도 떨어져서
불러도 대답없고 인식률도 떨어진다.
하만카돈 스피커 품질도 별로...
한달 천원 추가라고해서 했는데 후회중
""지니야 TV꺼""하면… https://www.instagram.com/p/BV8VmfSjRtg/ ",2017-06-29 23:58:48,0,0,0,이정주,2jcosin702
25,878060587082694656,"더 뜨거워진 AI 스피커경쟁, 하반기 달군다 KT, 스피커형 셋톱 '기가지니'
소프트웨어개발키트 이달 발표 SKT도 연내 AI 스피커 '누구' 앱 프로그램 인터페이스 공개  http://www.dt.co.kr/contents.html?article_no=2017062302101331042001 …",2017-06-23 01:22:12,0,0,0,liuwon,won_wizard
26,871930058411094016,"스타서울tv: #애플 , #인공지능 스피커 ‘홈팟’ 발표…경쟁사 SKT ‘누구’∙KT ‘기가지니’와 차별점은? http://google.com/newsstand/s/CBIw8OmbiDU …
http://itlinchpin.com ",2017-06-06 03:21:40,0,0,0,Jinyong Ma,vision0515
27,886603108041674752,"AI 스피커 춘추전국시대... #트렌드와칭뉴스 

어떤 스피커를 영입하겠소?
""기가지니, TV 꺼""

비긴어게인 다 보고 마무리~ http://fb.me/8yw38Zwhx ",2017-07-16 15:07:07,0,1,0,배운철,think1more
28,885040266385784832,[다나와][KT기가지니] 인공지능 스피커 최저가 구매시 핸드선풍기 무료증정! http://blog.naver.com/gukppa/221049850345 …,2017-07-12 07:36:57,0,0,0,banguman1234,banguman1234
29,880576315266609152,"KT 기가지니 기대했는데 인식률도 떨어져서
불러도 대답없고 인식률도 떨어진다.
하만카돈 스피커 품질도 별로...
한달 천원 추가라고해서 했는데 후회중
""지니야 TV꺼""하면… https://www.instagram.com/p/BV8VmfSjRtg/ ",2017-06-29 23:58:48,0,0,0,이정주,2jcosin702
30,878060587082694656,"더 뜨거워진 AI 스피커경쟁, 하반기 달군다 KT, 스피커형 셋톱 '기가지니'
소프트웨어개발키트 이달 발표 SKT도 연내 AI 스피커 '누구' 앱 프로그램 인터페이스 공개  http://www.dt.co.kr/contents.html?article_no=2017062302101331042001 …",2017-06-23 01:22:12,0,0,0,liuwon,won_wizard
31,871930058411094016,"스타서울tv: #애플 , #인공지능 스피커 ‘홈팟’ 발표…경쟁사 SKT ‘누구’∙KT ‘기가지니’와 차별점은? http://google.com/newsstand/s/CBIw8OmbiDU …
http://itlinchpin.com ",2017-06-06 03:21:40,0,0,0,Jinyong Ma,vision0515
32,1023164854763380736,@rwen_keiji 르웬님 방에는 약간 신문물 많이있을 것 같아요ㅋㅋㅋㅋㅋ음 뭐랄까 vr기기나 기가지니같은 AI스피커??,2018-07-28 11:14:45,0,0,1,빌리,billy_suga
33,1022655798588137472,"KT, AI 스피커 기가지니 100만 돌파 https://linkmoa.site/bbs/board.php?bo_table=itnews&wr_id=5860 …",2018-07-27 01:31:57,0,0,0,linkmoa,todkdn
34,1021994412405084160,기가지니로 스피커 해서 노래 듣는데 위영 중국어 버전 너무 좋은거야,2018-07-25 05:43:50,0,1,0,마스,Maark_Mars
35,1020717437635842048,"@nct_miro 허얼 미로님 핵. 오랜만.. ㅠㅠㅠㅠㅠㅠㅠㅠ 보고팟삼요..ㅠㅠ 진쉼.

당신은.. 기가지니..... 아니면... 다른.. 인공지능 스피커 무엇이든,,,,",2018-07-21 17:09:35,0,1,0,ɴᴀᴍᴇ,_dream__fix
36,1018049526668509185,일반 셋톱과 인공지능 스피커 포함 셋톱(기가지니) 두 종류 있어요..! 당연하게도 임대료는 후자가 더 비싸요..!,2018-07-14 08:28:16,0,0,1,파미,FamiTweet
37,1016667337682870272,"뜨거운 AI 스피커 시장, 차가운 소비자 평가 - 컨슈머인사이트 http://bit.ly/2KV2M9g   // 이용률은 KT ‘기가지니’ 39%, SKT ‘누구’ 26%, 네이버 ‘클로바’ 16%, 카카오 ‘미니’ 12%의 순, 만족률은 네이버 ‘클로바’가 54%  카카오 ‘미니’(51%), KT ’기가지니’(49%), SKT ‘누구’(45%) 순",2018-07-10 12:55:56,0,0,0,lunamoth,lunamoth
38,1016147859186462722,기가지니블루투스스피커사면 우리집 빅스비가 질투할거같애서 미안,2018-07-09 02:31:43,0,1,0,로그아웃!,8azzang
39,1023164854763380736,@rwen_keiji 르웬님 방에는 약간 신문물 많이있을 것 같아요ㅋㅋㅋㅋㅋ음 뭐랄까 vr기기나 기가지니같은 AI스피커??,2018-07-28 11:14:45,0,0,1,빌리,billy_suga
40,1022655798588137472,"KT, AI 스피커 기가지니 100만 돌파 https://linkmoa.site/bbs/board.php?bo_table=itnews&wr_id=5860 …",2018-07-27 01:31:57,0,0,0,linkmoa,todkdn
41,1021994412405084160,기가지니로 스피커 해서 노래 듣는데 위영 중국어 버전 너무 좋은거야,2018-07-25 05:43:50,0,1,0,마스,Maark_Mars
42,1020717437635842048,"@nct_miro 허얼 미로님 핵. 오랜만.. ㅠㅠㅠㅠㅠㅠㅠㅠ 보고팟삼요..ㅠㅠ 진쉼.

당신은.. 기가지니..... 아니면... 다른.. 인공지능 스피커 무엇이든,,,,",2018-07-21 17:09:35,0,1,0,ɴᴀᴍᴇ,_dream__fix
43,1018049526668509185,일반 셋톱과 인공지능 스피커 포함 셋톱(기가지니) 두 종류 있어요..! 당연하게도 임대료는 후자가 더 비싸요..!,2018-07-14 08:28:16,0,0,1,파미,FamiTweet
44,1016667337682870272,"뜨거운 AI 스피커 시장, 차가운 소비자 평가 - 컨슈머인사이트 http://bit.ly/2KV2M9g   // 이용률은 KT ‘기가지니’ 39%, SKT ‘누구’ 26%, 네이버 ‘클로바’ 16%, 카카오 ‘미니’ 12%의 순, 만족률은 네이버 ‘클로바’가 54%  카카오 ‘미니’(51%), KT ’기가지니’(49%), SKT ‘누구’(45%) 순",2018-07-10 12:55:56,0,0,0,lunamoth,lunamoth
45,1016147859186462722,기가지니블루투스스피커사면 우리집 빅스비가 질투할거같애서 미안,2018-07-09 02:31:43,0,1,0,로그아웃!,8azzang
46,836832369374031873,kt 기가지니 광고에 나오는 스피커가 하만카돈이군,2017-03-01 06:55:59,0,0,0,하느,harne_
47,834280262947074048,2017년 최고의 핫 아이템! 기가지니! http://www.tubloo.com/18435  #2017년_최고의_핫_아이템!_기가지니! #캐이득 캐이득뉴스 케이득 kt 인공지능 ai스피커 기가지니 gigagenie #Tubloo,2017-02-22 05:54:49,0,0,0,투블루봇,tubloo_bot
48,833103522174373888,"포함, 3년 약정 기준) 대신 기가지니 스피커 본체 임대료 6,600원(부가세 포함, 3년 약정 기준 / 5년 부과)가 부과됩니다. 또한, 기가지니로 홈캠/영상통화 서비스를 이용하시려면 전용 카메라를 별도로 구매 또는 (계속)",2017-02-18 23:58:52,0,0,0,KT_CS,kt_cs
49,831350330637946880,"KT, 인공지능 스피커 '기가지니' 30만대 선주문 @asiae_daily https://goo.gl/AJ0s2B ",2017-02-14 03:52:19,0,0,0,승승,song1c
50,830030439838601218,"[리뷰] 독거인의 인공지능 스피커, 기가지니 3일 사용기 #리뷰, 사용기, 클리앙 - 앱설치 http://ift.tt/1FcSpmT pic.twitter.com/95pWMtxFgJ",2017-02-10 12:27:32,0,0,0,클리앙,clien_archive
51,829987336171687936,"[리뷰] 독거인의 인공지능 스피커, 기가지니 3일 사용기 http://ift.tt/2kaoxWa ",2017-02-10 09:36:16,0,0,0,클리앙,clien_archive
52,836832369374031873,kt 기가지니 광고에 나오는 스피커가 하만카돈이군,2017-03-01 06:55:59,0,0,0,하느,harne_
53,834280262947074048,2017년 최고의 핫 아이템! 기가지니! http://www.tubloo.com/18435  #2017년_최고의_핫_아이템!_기가지니! #캐이득 캐이득뉴스 케이득 kt 인공지능 ai스피커 기가지니 gigagenie #Tubloo,2017-02-22 05:54:49,0,0,0,투블루봇,tubloo_bot
54,833103522174373888,"포함, 3년 약정 기준) 대신 기가지니 스피커 본체 임대료 6,600원(부가세 포함, 3년 약정 기준 / 5년 부과)가 부과됩니다. 또한, 기가지니로 홈캠/영상통화 서비스를 이용하시려면 전용 카메라를 별도로 구매 또는 (계속)",2017-02-18 23:58:52,0,0,0,KT_CS,kt_cs
55,831350330637946880,"KT, 인공지능 스피커 '기가지니' 30만대 선주문 @asiae_daily https://goo.gl/AJ0s2B ",2017-02-14 03:52:19,0,0,0,승승,song1c
56,830030439838601218,"[리뷰] 독거인의 인공지능 스피커, 기가지니 3일 사용기 #리뷰, 사용기, 클리앙 - 앱설치 http://ift.tt/1FcSpmT pic.twitter.com/95pWMtxFgJ",2017-02-10 12:27:32,0,0,0,클리앙,clien_archive
57,829987336171687936,"[리뷰] 독거인의 인공지능 스피커, 기가지니 3일 사용기 http://ift.tt/2kaoxWa ",2017-02-10 09:36:16,0,0,0,클리앙,clien_archive
58,899919269885956096,"AI스피커 '기가지니', 무료로 사용하는 방법 http://www.sedaily.com/NewsView/1OJUMRR9LF …",2017-08-22 09:00:48,0,0,0,krsuncom,krsuncom
59,896660634237939712,"KT가 만든 음성인식 스피커 '기가지니'리뷰인데 빵빵 터진다. 음악 스트리밍, CCTV 등을 쓰려면 무조건 돈을 더 내고 월 패키지를 추가하는 모델 ""KT의 기가지니를 자신없게 소개합니다~!"" http://www.100mb.kr/bbs/board.php?bo_table=information&wr_id=11499 …pic.twitter.com/v6zOKTgEGy",2017-08-13 09:12:09,57,11,0,미오,rumious
60,896351005448691712,"인공지능 스피커 사용기.
기가지니 아니다. 
기가차니가 맞다. 
내 경우 아마존 에코를 그냥저냥 잘 쓰고 있는데, 그건 애초에 아마존의 콘텐츠 플랫폼과 전자상거래 플랫폼, 클라우드 컴퓨팅이 바탕에 깔려... http://fb.me/24pWDwixq ",2017-08-12 12:41:47,0,0,0,Hyung Lee,hyungr
61,890457291958308865,"샤오미 5만원대 AI스피커로 애플 홈팟, 아마존 에코에 대항, 국내에선 KT누구, KT 기가지니, 네이버 등도 AI 스피커출시예정 http://imreminiscence.tistory.com/815 ",2017-07-27 06:22:16,0,0,0,Rnarlf,jusaeng1
62,899919269885956096,"AI스피커 '기가지니', 무료로 사용하는 방법 http://www.sedaily.com/NewsView/1OJUMRR9LF …",2017-08-22 09:00:48,0,0,0,krsuncom,krsuncom
63,896660634237939712,"KT가 만든 음성인식 스피커 '기가지니'리뷰인데 빵빵 터진다. 음악 스트리밍, CCTV 등을 쓰려면 무조건 돈을 더 내고 월 패키지를 추가하는 모델 ""KT의 기가지니를 자신없게 소개합니다~!"" http://www.100mb.kr/bbs/board.php?bo_table=information&wr_id=11499 …pic.twitter.com/v6zOKTgEGy",2017-08-13 09:12:09,57,11,0,미오,rumious
64,896351005448691712,"인공지능 스피커 사용기.
기가지니 아니다. 
기가차니가 맞다. 
내 경우 아마존 에코를 그냥저냥 잘 쓰고 있는데, 그건 애초에 아마존의 콘텐츠 플랫폼과 전자상거래 플랫폼, 클라우드 컴퓨팅이 바탕에 깔려... http://fb.me/24pWDwixq ",2017-08-12 12:41:47,0,0,0,Hyung Lee,hyungr
65,890457291958308865,"샤오미 5만원대 AI스피커로 애플 홈팟, 아마존 에코에 대항, 국내에선 KT누구, KT 기가지니, 네이버 등도 AI 스피커출시예정 http://imreminiscence.tistory.com/815 ",2017-07-27 06:22:16,0,0,0,Rnarlf,jusaeng1
66,1114837563007619072,"뭐야아. 그거 너였구나? 스피커 할 거면 그냥 기가지니 해. 기가피터, 노래 틀어줘.",2019-04-07 10:29:22,0,0,1,문선모,City0fDis
67,1114173896972849153,"엌ㅋㅋㅋ 기가지니한테
나 : 조승우 잘생겼지!!
지니 : 네. 정말 매력적이신것 같아요.
나 : 조승우의 어디가 제일 좋아?
지니 : (꽃이피고지듯이 재생

ㅋㅋㅋㅋㅋㄱㅋㅋㅣㄱㅣㅣㄱㅋ아니 근데 약간 스피커가 asmr느낌이야 pic.twitter.com/r6QKIq6xRv",2019-04-05 14:32:12,1,15,1,귤,tangerine5231
68,1111509754642227201,"※50% 깜짝 할인※
큐.티.뽀.짝 인공지능 스피커!
기가지니 버디 득템의 기회를 놓치지 마세요
기가지니 버디 더보기http://bit.ly/2UcQI8a 
반값 득템하기http://bit.ly/2UkKt1Q pic.twitter.com/gyddQP44Vf",2019-03-29 06:05:51,1,1,2,KT (케이티),kt_corp
69,1111490649499394048,KT 인공지능 스피커 기가지니에 한국 프로야구와 홈 IOT 기기가 새로 추가 되었습니다. 프로야구 중계는 꽤 편하네요.  이제 야구 시근이 시작되어서 프로야구 중계는 꽤 재미있게 즐길 수 있을것 같습니다. #기가지니 #기가지니2 #홈IOT #사물인터넷 #KT #인공지능스피커https://raycat.net/4675 ,2019-03-29 04:49:55,0,0,0,Raycat,raycatnet
70,1109329177629474817,"기가지니 스피커를 쓰면서 느낀점

베이스만 존나 살려낸 병신같은 스피커. pic.twitter.com/md1dswlV17",2019-03-23 05:41:00,0,1,1,계이한 손 건,Geon_acc_boom
71,1109017309861933057,"어쩌다가 집에 기가지니를 설치하게 되었는데, 얘가 둘째의 부름만 철저하게 무시한다... 발음이 좀 부정확해서 그런가 싶은데 작은애는 스피커 앞에서 울부짖다가 징징대다가 크게 불렀다가 귓속말 하다가 애를 쓰고 있고 보는 나는 웃겨주거......ㅋㅋㅋㅋㅋㅋ",2019-03-22 09:01:45,925,338,3,nana,sputnik274
72,1108503604388941827,"[다시보기] AI 스피커의 VUX 설계 시 고려할 것들
누구, 웨이브, 기가지니, 에코, 구글 홈 등등 국내외 AI 스피커 시장이 점점 커지고 있습니다. 사람들이 AI 스피커로 얻는 가치는 무엇일까요? 그리고 기획자들은 VUX를 설계할 때 무엇을 고려해야 하는지 정리해 보았습니다.
http://story.pxd.co.kr/1273 ",2019-03-20 23:00:28,5,17,0,"pxd, Inc.",pxdstory
73,1106498532238716928,"세톱박스 바꾸면서
기가지니로 바꿨는데

생각보다 스피커 성능이 좋다

베이스라인 깔끔하게 들리네

평상시엔 있나 싶은 라인인데",2019-03-15 10:13:02,0,0,1,그냥인간,nkl087
74,1101045760068530176,"실화냐? 오늘 기가지니2 스피커
생활관에 전부 배치됌;;;
선진병영 ㅗㅜㅑ;;; pic.twitter.com/IoyGzQuSFW",2019-02-28 09:05:40,0,0,0,Aㅏ어,au_Ahuh
75,1100420489304956929,지니 장점은 무리집 기가지니랑 연동된다는거 박에 없다 ㅅㅂ근데 내계정이라 스피커로는 아키걸도 못듣고!!!!어?!!!!! 담달에 바꿀꺼면 유튜브레드할까 멜론할까,2019-02-26 15:41:04,0,0,0,Mamma mia,Ju_1_
76,1114837563007619072,"뭐야아. 그거 너였구나? 스피커 할 거면 그냥 기가지니 해. 기가피터, 노래 틀어줘.",2019-04-07 10:29:22,0,0,1,문선모,City0fDis
77,1114173896972849153,"엌ㅋㅋㅋ 기가지니한테
나 : 조승우 잘생겼지!!
지니 : 네. 정말 매력적이신것 같아요.
나 : 조승우의 어디가 제일 좋아?
지니 : (꽃이피고지듯이 재생

ㅋㅋㅋㅋㅋㄱㅋㅋㅣㄱㅣㅣㄱㅋ아니 근데 약간 스피커가 asmr느낌이야 pic.twitter.com/r6QKIq6xRv",2019-04-05 14:32:12,1,15,1,귤,tangerine5231
78,1111509754642227201,"※50% 깜짝 할인※
큐.티.뽀.짝 인공지능 스피커!
기가지니 버디 득템의 기회를 놓치지 마세요
기가지니 버디 더보기http://bit.ly/2UcQI8a 
반값 득템하기http://bit.ly/2UkKt1Q pic.twitter.com/gyddQP44Vf",2019-03-29 06:05:51,1,1,2,KT (케이티),kt_corp
79,1111490649499394048,KT 인공지능 스피커 기가지니에 한국 프로야구와 홈 IOT 기기가 새로 추가 되었습니다. 프로야구 중계는 꽤 편하네요.  이제 야구 시근이 시작되어서 프로야구 중계는 꽤 재미있게 즐길 수 있을것 같습니다. #기가지니 #기가지니2 #홈IOT #사물인터넷 #KT #인공지능스피커https://raycat.net/4675 ,2019-03-29 04:49:55,0,0,0,Raycat,raycatnet
80,1109329177629474817,"기가지니 스피커를 쓰면서 느낀점

베이스만 존나 살려낸 병신같은 스피커. pic.twitter.com/md1dswlV17",2019-03-23 05:41:00,0,1,1,계이한 손 건,Geon_acc_boom
81,1109017309861933057,"어쩌다가 집에 기가지니를 설치하게 되었는데, 얘가 둘째의 부름만 철저하게 무시한다... 발음이 좀 부정확해서 그런가 싶은데 작은애는 스피커 앞에서 울부짖다가 징징대다가 크게 불렀다가 귓속말 하다가 애를 쓰고 있고 보는 나는 웃겨주거......ㅋㅋㅋㅋㅋㅋ",2019-03-22 09:01:45,925,338,3,nana,sputnik274
82,1108503604388941827,"[다시보기] AI 스피커의 VUX 설계 시 고려할 것들
누구, 웨이브, 기가지니, 에코, 구글 홈 등등 국내외 AI 스피커 시장이 점점 커지고 있습니다. 사람들이 AI 스피커로 얻는 가치는 무엇일까요? 그리고 기획자들은 VUX를 설계할 때 무엇을 고려해야 하는지 정리해 보았습니다.
http://story.pxd.co.kr/1273 ",2019-03-20 23:00:28,5,17,0,"pxd, Inc.",pxdstory
83,1106498532238716928,"세톱박스 바꾸면서
기가지니로 바꿨는데

생각보다 스피커 성능이 좋다

베이스라인 깔끔하게 들리네

평상시엔 있나 싶은 라인인데",2019-03-15 10:13:02,0,0,1,그냥인간,nkl087
84,1101045760068530176,"실화냐? 오늘 기가지니2 스피커
생활관에 전부 배치됌;;;
선진병영 ㅗㅜㅑ;;; pic.twitter.com/IoyGzQuSFW",2019-02-28 09:05:40,0,0,0,Aㅏ어,au_Ahuh
85,1100420489304956929,지니 장점은 무리집 기가지니랑 연동된다는거 박에 없다 ㅅㅂ근데 내계정이라 스피커로는 아키걸도 못듣고!!!!어?!!!!! 담달에 바꿀꺼면 유튜브레드할까 멜론할까,2019-02-26 15:41:04,0,0,0,Mamma mia,Ju_1_
86,1098867500803072000,"드디어 나의 Ai 스피커가 내일 새친구를 맞이한다. 음, 기가지니 버디 Ai 스피커인데, 기가지니2 는 아쉽게도 쿠팡에 없는것 같다. ㅠㅠ.",2019-02-22 08:50:02,0,0,0,황진철,jinchul91
87,1096365641513164800,나는 기가지니가 블루투스 스피커 기능이 읻는 줄 꿈에도 몰랃어,2019-02-15 11:08:33,0,4,0,짛,JH_79_613
88,1094112708792803328,요즘은 막 하만카돈 스피커 달리고 인공지능 달린 기가지니 셋탑 주는데 나아아는 100메가라서 옛날꺼써야돼~~,2019-02-09 05:56:12,0,2,0,SD꽁치@プリンにしてやるの,_SDSkyKlouD
89,1093023311259348993,"오빠가 기가지니 줌
근데 유심칩 안바꿔서 그냥 블루투스
스피커로 쓰고있음 pic.twitter.com/P9HpErZPZX",2019-02-06 05:47:19,0,0,0,민초 아이스크림 🍦,mincho_icee04
90,1092704715475890176,블루투스 스피커가 없으니까 기가지니를 뜯어갈거에요,2019-02-05 08:41:20,0,0,0,JINSIM,Shuppae_YK
91,1092458403895496713,음 ??? 스피커가 혼자 켜진다구요 ???? 기가지니 이런거에요 ??,2019-02-04 16:22:35,0,0,1,망 고,Mango__exo
92,1088738817371033601,KT 기가지니 인공지능스피커 AI메이커스키트 코딩하기 https://blog.naver.com/kimcoco1?Redirect=Log&logNo=221337459740 …,2019-01-25 10:02:16,0,0,0,지오지브라 연구소,geogebra_kr
93,1087691307596697600,그런데 기가지니 pc스피커로 못쓰나?,2019-01-22 12:39:50,0,0,0,미깡맨 🎗 🏳️‍🌈 🌺,raul07duff11
94,1087493639503196160,"AI 스피커 평균 만족도 45%…1위는 '카카오 미니'
카카오 미니 50% 네이버 클로바46%, SKT 누구44% KT 기가지니43%순
스피커 음질이 가장 높은 평가를 받았던 반면 가격과 자연스런 대화 가능이 가장 낮아
http://cnews.fntimes.com/html/view.php?ud=2019011814245910432881bc4acb_18 …",2019-01-21 23:34:22,0,0,0,liuwon,won_wizard
95,1085500738103500800,최근 바꾼 티비가 UHD화질을 지원해주지만 그걸 누리려면 셋톱박스를 바꿔야한다고 해서 오늘 바꿈. 기가지니가 셋톱박스고 스피커였다. 좀 갖고 놀았는데 젤 재밌는 건 리모컨 찾기ㅋㅋㅋ “지니야 리모컨 찾아줘”하면 리모컨에서 벨소리 남 ㅋㅋㅋㅋㅋㅋ pic.twitter.com/MTm5BpTmja,2019-01-16 11:35:18,0,0,1,시우,elly4620
96,1098867500803072000,"드디어 나의 Ai 스피커가 내일 새친구를 맞이한다. 음, 기가지니 버디 Ai 스피커인데, 기가지니2 는 아쉽게도 쿠팡에 없는것 같다. ㅠㅠ.",2019-02-22 08:50:02,0,0,0,황진철,jinchul91
97,1096365641513164800,나는 기가지니가 블루투스 스피커 기능이 읻는 줄 꿈에도 몰랃어,2019-02-15 11:08:33,0,4,0,짛,JH_79_613
98,1094112708792803328,요즘은 막 하만카돈 스피커 달리고 인공지능 달린 기가지니 셋탑 주는데 나아아는 100메가라서 옛날꺼써야돼~~,2019-02-09 05:56:12,0,2,0,SD꽁치@プリンにしてやるの,_SDSkyKlouD
99,1093023311259348993,"오빠가 기가지니 줌
근데 유심칩 안바꿔서 그냥 블루투스
스피커로 쓰고있음 pic.twitter.com/P9HpErZPZX",2019-02-06 05:47:19,0,0,0,민초 아이스크림 🍦,mincho_icee04
100,1092704715475890176,블루투스 스피커가 없으니까 기가지니를 뜯어갈거에요,2019-02-05 08:41:20,0,0,0,JINSIM,Shuppae_YK
101,1092458403895496713,음 ??? 스피커가 혼자 켜진다구요 ???? 기가지니 이런거에요 ??,2019-02-04 16:22:35,0,0,1,망 고,Mango__exo
102,1088738817371033601,KT 기가지니 인공지능스피커 AI메이커스키트 코딩하기 https://blog.naver.com/kimcoco1?Redirect=Log&logNo=221337459740 …,2019-01-25 10:02:16,0,0,0,지오지브라 연구소,geogebra_kr
103,1087691307596697600,그런데 기가지니 pc스피커로 못쓰나?,2019-01-22 12:39:50,0,0,0,미깡맨 🎗 🏳️‍🌈 🌺,raul07duff11
104,1087493639503196160,"AI 스피커 평균 만족도 45%…1위는 '카카오 미니'
카카오 미니 50% 네이버 클로바46%, SKT 누구44% KT 기가지니43%순
스피커 음질이 가장 높은 평가를 받았던 반면 가격과 자연스런 대화 가능이 가장 낮아
http://cnews.fntimes.com/html/view.php?ud=2019011814245910432881bc4acb_18 …",2019-01-21 23:34:22,0,0,0,liuwon,won_wizard
105,1085500738103500800,최근 바꾼 티비가 UHD화질을 지원해주지만 그걸 누리려면 셋톱박스를 바꿔야한다고 해서 오늘 바꿈. 기가지니가 셋톱박스고 스피커였다. 좀 갖고 놀았는데 젤 재밌는 건 리모컨 찾기ㅋㅋㅋ “지니야 리모컨 찾아줘”하면 리모컨에서 벨소리 남 ㅋㅋㅋㅋㅋㅋ pic.twitter.com/MTm5BpTmja,2019-01-16 11:35:18,0,0,1,시우,elly4620
106,1007780910794543104,"KT 기가지니 LTE, 야외에서 즐기는 AI 스피커 http://blog.naver.com/yjj3019/221299940695 …",2018-06-16 00:24:27,0,0,0,유재전(YJJ)/삐꾸강아쥐,yjj3019
107,1006164369644777472,인공지능 AI 스피커 기가지니 LTE! 그리고 Sling Case! http://inspow.com/221296811259 ,2018-06-11 13:20:54,0,0,0,ins,joycontents
108,1002412847064756224,"AI 스피커, KT 기가지니 소리동화 오디오북 후기 http://mobano.net/2555 ",2018-06-01 04:53:41,0,0,0,모바노,mobano_net
109,1002394966771941376,기가지니 LTE 인공지능 AL스피커 야외에서도 지니야~ http://au9999.blog.me/221288636355 ,2018-06-01 03:42:38,0,0,0,jjos,jjosworlds
110,1000982085425774592,KT AI스피커 기가지니 소리동화 서비스 _ 그냥 읽어주는것만이 아니구나!!  http://bijouhome.co.kr/221286021931 ,2018-05-28 06:08:21,0,0,0,최윤정,heena_mom
111,1000943481471332353,KT AI스피커 기가지니로 소리동화를 읽는 모습: http://youtu.be/8WQZVhyLLDY?a  (@YouTube),2018-05-28 03:34:57,0,0,0,ins,joycontents
112,1000942635740155905,"KT AI스피커 기가지니로 소리동화, 오디오북 읽어볼까? http://inspow.com/221285899850 ",2018-05-28 03:31:35,0,0,0,ins,joycontents
113,999881235664064512,"인공지능 AI 시리한테 얘기나누면서 기계랑 대화하는거 보면 소름돋는다고 하고
IOT 뜻도 모른다면서 집에 인공지능스피커 기가지니있다고 그러고
전원스위치 원격조종 앱사용한다그러고.....
진짜 공대생 암걸려서 데드풀될거 같았어요오ㅠㅠ
제에바알 좀... 문과생들 뒤졌으면...윾",2018-05-25 05:13:58,0,0,1,내이르믄킴깐푸다,Nonamyee
114,999213130885599232,"[KT그룹] 박명수 목소리가 기가지니 속으로?! KT, 국내 최초 AI 스피커 P-TTS 기술 상용화 http://blog.kt.com/1097 
#CorpStories #Corp_Group #KT #Blog",2018-05-23 08:59:09,0,0,0,CorpStories,CorpStories
115,999088346784710657,"KT, 기가지니에 박명수 목소리 입힌다 #KT #케이티 #기가지니 #박명수 #음성 #음성합성기술 #AI스피커 #스피커 http://www.sisaweek.com/news/articleView.html?idxno=108415 …",2018-05-23 00:43:18,0,0,0,시사위크,sisaweek
116,996783107838656512,"이미 인터넷 전화를 사용하고 있으므로 기가지니2 단말로 기기변경을 통해 인터넷 전화를 이용하실 수 있습니다. [단, 음성 통화 시 스피커폰으로 통화 가능] 기가지니2 단말로 변경 신청은 kt 홈 고객센터 (계속)",2018-05-16 16:03:06,0,0,0,KT_CS,kt_cs
117,996395382572634113,"기가지니2 VS Btv x NUGU 스피커 전격 비교, 두 제품의 공통점은? https://www.0db.co.kr/xe/REVIEW_0DB/318302 …",2018-05-15 14:22:25,0,0,0,영디비,0dibi
118,996364877546438657,기가지니 스피커 생겨따~ 왕^_^,2018-05-15 12:21:13,0,0,0,령라홧팅,fudfkwldy
119,995816127883304960,"유둘 : [스피커#1] 라인 클로버 VS 기가지니 LTE, 인공지능 필요없고, 스피커로 쓴다면?! (feat. 리브라톤 ZIP MINI) http://youtube.com/watch?v=vJ_LC4PgnMo&feature=youtu.be … https://neview.kr/n/10571 ",2018-05-14 00:00:40,0,0,0,네뷰,Neview_kr
120,995813692498378758,"@YouTube 동영상 http://youtu.be/vJ_LC4PgnMo?a  [스피커#1] 라인 클로버 VS 기가지니 LTE, 인공지능 필요없고, 스피커로",2018-05-13 23:51:00,0,0,0,카리스턱,karistuck
121,994362273656274946,"kt 기가지니 인공지능 스피커, 기자간담회! (출처 : 워터포르의.. | http://wapotv.com/221270142899  블로그) http://naver.me/xPCTQBbZ ",2018-05-09 23:43:35,0,0,0,Joonmo Park,joonmonim
122,1007780910794543104,"KT 기가지니 LTE, 야외에서 즐기는 AI 스피커 http://blog.naver.com/yjj3019/221299940695 …",2018-06-16 00:24:27,0,0,0,유재전(YJJ)/삐꾸강아쥐,yjj3019
123,1006164369644777472,인공지능 AI 스피커 기가지니 LTE! 그리고 Sling Case! http://inspow.com/221296811259 ,2018-06-11 13:20:54,0,0,0,ins,joycontents
124,1002412847064756224,"AI 스피커, KT 기가지니 소리동화 오디오북 후기 http://mobano.net/2555 ",2018-06-01 04:53:41,0,0,0,모바노,mobano_net
125,1002394966771941376,기가지니 LTE 인공지능 AL스피커 야외에서도 지니야~ http://au9999.blog.me/221288636355 ,2018-06-01 03:42:38,0,0,0,jjos,jjosworlds
126,1000982085425774592,KT AI스피커 기가지니 소리동화 서비스 _ 그냥 읽어주는것만이 아니구나!!  http://bijouhome.co.kr/221286021931 ,2018-05-28 06:08:21,0,0,0,최윤정,heena_mom
127,1000943481471332353,KT AI스피커 기가지니로 소리동화를 읽는 모습: http://youtu.be/8WQZVhyLLDY?a  (@YouTube),2018-05-28 03:34:57,0,0,0,ins,joycontents
128,1000942635740155905,"KT AI스피커 기가지니로 소리동화, 오디오북 읽어볼까? http://inspow.com/221285899850 ",2018-05-28 03:31:35,0,0,0,ins,joycontents
129,999881235664064512,"인공지능 AI 시리한테 얘기나누면서 기계랑 대화하는거 보면 소름돋는다고 하고
IOT 뜻도 모른다면서 집에 인공지능스피커 기가지니있다고 그러고
전원스위치 원격조종 앱사용한다그러고.....
진짜 공대생 암걸려서 데드풀될거 같았어요오ㅠㅠ
제에바알 좀... 문과생들 뒤졌으면...윾",2018-05-25 05:13:58,0,0,1,내이르믄킴깐푸다,Nonamyee
130,999213130885599232,"[KT그룹] 박명수 목소리가 기가지니 속으로?! KT, 국내 최초 AI 스피커 P-TTS 기술 상용화 http://blog.kt.com/1097 
#CorpStories #Corp_Group #KT #Blog",2018-05-23 08:59:09,0,0,0,CorpStories,CorpStories
131,999088346784710657,"KT, 기가지니에 박명수 목소리 입힌다 #KT #케이티 #기가지니 #박명수 #음성 #음성합성기술 #AI스피커 #스피커 http://www.sisaweek.com/news/articleView.html?idxno=108415 …",2018-05-23 00:43:18,0,0,0,시사위크,sisaweek
132,996783107838656512,"이미 인터넷 전화를 사용하고 있으므로 기가지니2 단말로 기기변경을 통해 인터넷 전화를 이용하실 수 있습니다. [단, 음성 통화 시 스피커폰으로 통화 가능] 기가지니2 단말로 변경 신청은 kt 홈 고객센터 (계속)",2018-05-16 16:03:06,0,0,0,KT_CS,kt_cs
133,996395382572634113,"기가지니2 VS Btv x NUGU 스피커 전격 비교, 두 제품의 공통점은? https://www.0db.co.kr/xe/REVIEW_0DB/318302 …",2018-05-15 14:22:25,0,0,0,영디비,0dibi
134,996364877546438657,기가지니 스피커 생겨따~ 왕^_^,2018-05-15 12:21:13,0,0,0,령라홧팅,fudfkwldy
135,995816127883304960,"유둘 : [스피커#1] 라인 클로버 VS 기가지니 LTE, 인공지능 필요없고, 스피커로 쓴다면?! (feat. 리브라톤 ZIP MINI) http://youtube.com/watch?v=vJ_LC4PgnMo&feature=youtu.be … https://neview.kr/n/10571 ",2018-05-14 00:00:40,0,0,0,네뷰,Neview_kr
136,995813692498378758,"@YouTube 동영상 http://youtu.be/vJ_LC4PgnMo?a  [스피커#1] 라인 클로버 VS 기가지니 LTE, 인공지능 필요없고, 스피커로",2018-05-13 23:51:00,0,0,0,카리스턱,karistuck
137,994362273656274946,"kt 기가지니 인공지능 스피커, 기자간담회! (출처 : 워터포르의.. | http://wapotv.com/221270142899  블로그) http://naver.me/xPCTQBbZ ",2018-05-09 23:43:35,0,0,0,Joonmo Park,joonmonim
138,1038684317369528320,기가지니 설치하고 좋은점 ㄴㅐ가 가지고 있던 블투 스피커보다 음질 좋음...ㅠ 비트 빵빵한 노래 틀어놓고 좋아하ㄱㅣ...,2018-09-09 07:03:33,0,1,0, 🍉,931x938
139,1037673894264504320,기가지니 개꿀 ㅋㅋ 스피커로 쓰면 음질이 개좋아서 집에 파티장 만들수 있어 pic.twitter.com/0Ni6VaEc5d,2018-09-06 12:08:30,0,5,3,솔담,Honest_Uaena
140,1035989632830255105,"이용 가능하며, 별도의 통신서비스 가입 없이 기기 구매 후 이용 가능합니다. 또한, GiGA Genie buddy는 Wi-Fi를 이용해 서비스 이용 가능한 인공지능 스피커 단품(액세서리) 입니다. [※ 단, 기가지니 서비스 (계속)",2018-09-01 20:35:50,0,0,0,KT_CS,kt_cs
141,1032239699329347585,kt 온라인 액세서리 샵[ https://bit.ly/2LgPQ9Z  /※ 페이지 하단에서 컬러망(스피커 망) 교체 방법 확인 가능]에서 '기가지니 2 컬러망'을 별도로 구매하실 수 있습니다. 감사합니다. ^CS,2018-08-22 12:14:57,0,0,0,KT_CS,kt_cs
142,1032239697643286528,"색상을 선택 시 선택한 색상의 스피커망을 추가 제공합니다. [※ 추가 비용은 없음] 즉, 다른 색상을 선택해도 차콜 그레이 색상의 기가지니 2 단말을 제공하고 추가로 선택한 색상의 스피커망을 제공합니다. 참고로 (계속)",2018-08-22 12:14:56,0,0,0,KT_CS,kt_cs
143,1031894909572149248,@YouTube 동영상 http://youtu.be/ASSwYB-lqW0?a  작다고 무시하지마?! 동글동글 귀여운 AI스피커 기가지니 버디 (GiGA,2018-08-21 13:24:52,0,0,0,핑구야 날자,PleaseFlyPingu
144,1029998910134054912,"KT, 나만의 인공지능 스피커 기가지니 버디 출시 http://s3delta.tistory.com/2625 ",2018-08-16 07:50:51,0,1,0,세비지,savage2kk
145,1029998374638899200,하만카돈 스피커·KT 음성인식 기술 만났다…9만원대 AI 스피커 '기가지니 버디' 출시: 16일 KT에서 9만원대 인공지능(AI) 스피커 '기가지니 버디'를 출시… https://goo.gl/fb/9RjxtN ,2018-08-16 07:48:43,0,0,0,정현웅,dohcjhw
146,1029975226161872896,"KT 인공지능 스피커 기가지니 버디 출시, 가격은 9만9000원
KT는 나만의 인공지능 스피커 기가지니 버디를 출시한다고 밝혔다.  기가지니 버디는 집안 어디서나 편리하게 사용할 있는 AI 스피커다. 하만카돈 스피커와 KT의 음성인식 기술로 품질은 높였으며...
http://blueframe.co.kr/bbs/board.php?bo_table=news05&wr_id=903 …pic.twitter.com/y414mPBfBw",2018-08-16 06:16:44,0,1,0,blueframe,blueframe2k
147,1029972675156824066,인공지능 AI 스피커 기가지니 버디 스펙과 특징! http://inspow.com/221339952807 ,2018-08-16 06:06:36,0,0,0,ins,joycontents
148,1029708826356854784,"KT, 오는 16일 나만의 인공지능 스피커 '기가지니 버디' 출시 http://blog.naver.com/yth4012/221339512605 …",2018-08-15 12:38:09,0,0,0,금휘궁,yth4014
149,1029596339095498752,"KT, 셋톱박스에서 독립한 AI스피커 ‘기가지니 버디’ 출시  #오늘의뉴스 #경제 #한겨레 https://goo.gl/YECzwY ",2018-08-15 05:11:10,0,0,0,C급프로그래머,clevelprogram
150,1028939502180417536,"우리집 기가지니 활용도 
셋톱박스  60%
블루투스 스피커  40%",2018-08-13 09:41:08,0,0,0,7월 4일만 기다리는 북박,dbgnfnffn2
151,1028565876654530560,KT 기가지니 인공지능스피커 AI메이커스키트 코딩하기 http://blog.naver.com/kimcoco1/221337459740 …,2018-08-12 08:56:29,0,0,0,DongHwan Lee,kimcoco1
152,1027140388321153025,"KT, 나만의 AI 스피커 '기가지니 버디' 16일 출시 https://linkmoa.site/bbs/board.php?bo_table=itnews&wr_id=8613 …",2018-08-08 10:32:06,0,0,0,linkmoa,todkdn
153,1038684317369528320,기가지니 설치하고 좋은점 ㄴㅐ가 가지고 있던 블투 스피커보다 음질 좋음...ㅠ 비트 빵빵한 노래 틀어놓고 좋아하ㄱㅣ...,2018-09-09 07:03:33,0,1,0, 🍉,931x938
154,1037673894264504320,기가지니 개꿀 ㅋㅋ 스피커로 쓰면 음질이 개좋아서 집에 파티장 만들수 있어 pic.twitter.com/0Ni6VaEc5d,2018-09-06 12:08:30,0,5,3,솔담,Honest_Uaena
155,1035989632830255105,"이용 가능하며, 별도의 통신서비스 가입 없이 기기 구매 후 이용 가능합니다. 또한, GiGA Genie buddy는 Wi-Fi를 이용해 서비스 이용 가능한 인공지능 스피커 단품(액세서리) 입니다. [※ 단, 기가지니 서비스 (계속)",2018-09-01 20:35:50,0,0,0,KT_CS,kt_cs
156,1032239699329347585,kt 온라인 액세서리 샵[ https://bit.ly/2LgPQ9Z  /※ 페이지 하단에서 컬러망(스피커 망) 교체 방법 확인 가능]에서 '기가지니 2 컬러망'을 별도로 구매하실 수 있습니다. 감사합니다. ^CS,2018-08-22 12:14:57,0,0,0,KT_CS,kt_cs
157,1032239697643286528,"색상을 선택 시 선택한 색상의 스피커망을 추가 제공합니다. [※ 추가 비용은 없음] 즉, 다른 색상을 선택해도 차콜 그레이 색상의 기가지니 2 단말을 제공하고 추가로 선택한 색상의 스피커망을 제공합니다. 참고로 (계속)",2018-08-22 12:14:56,0,0,0,KT_CS,kt_cs
158,1031894909572149248,@YouTube 동영상 http://youtu.be/ASSwYB-lqW0?a  작다고 무시하지마?! 동글동글 귀여운 AI스피커 기가지니 버디 (GiGA,2018-08-21 13:24:52,0,0,0,핑구야 날자,PleaseFlyPingu
159,1029998910134054912,"KT, 나만의 인공지능 스피커 기가지니 버디 출시 http://s3delta.tistory.com/2625 ",2018-08-16 07:50:51,0,1,0,세비지,savage2kk
160,1029998374638899200,하만카돈 스피커·KT 음성인식 기술 만났다…9만원대 AI 스피커 '기가지니 버디' 출시: 16일 KT에서 9만원대 인공지능(AI) 스피커 '기가지니 버디'를 출시… https://goo.gl/fb/9RjxtN ,2018-08-16 07:48:43,0,0,0,정현웅,dohcjhw
161,1029975226161872896,"KT 인공지능 스피커 기가지니 버디 출시, 가격은 9만9000원
KT는 나만의 인공지능 스피커 기가지니 버디를 출시한다고 밝혔다.  기가지니 버디는 집안 어디서나 편리하게 사용할 있는 AI 스피커다. 하만카돈 스피커와 KT의 음성인식 기술로 품질은 높였으며...
http://blueframe.co.kr/bbs/board.php?bo_table=news05&wr_id=903 …pic.twitter.com/y414mPBfBw",2018-08-16 06:16:44,0,1,0,blueframe,blueframe2k
162,1029972675156824066,인공지능 AI 스피커 기가지니 버디 스펙과 특징! http://inspow.com/221339952807 ,2018-08-16 06:06:36,0,0,0,ins,joycontents
163,1029708826356854784,"KT, 오는 16일 나만의 인공지능 스피커 '기가지니 버디' 출시 http://blog.naver.com/yth4012/221339512605 …",2018-08-15 12:38:09,0,0,0,금휘궁,yth4014
164,1029596339095498752,"KT, 셋톱박스에서 독립한 AI스피커 ‘기가지니 버디’ 출시  #오늘의뉴스 #경제 #한겨레 https://goo.gl/YECzwY ",2018-08-15 05:11:10,0,0,0,C급프로그래머,clevelprogram
165,1028939502180417536,"우리집 기가지니 활용도 
셋톱박스  60%
블루투스 스피커  40%",2018-08-13 09:41:08,0,0,0,7월 4일만 기다리는 북박,dbgnfnffn2
166,1028565876654530560,KT 기가지니 인공지능스피커 AI메이커스키트 코딩하기 http://blog.naver.com/kimcoco1/221337459740 …,2018-08-12 08:56:29,0,0,0,DongHwan Lee,kimcoco1
167,1027140388321153025,"KT, 나만의 AI 스피커 '기가지니 버디' 16일 출시 https://linkmoa.site/bbs/board.php?bo_table=itnews&wr_id=8613 …",2018-08-08 10:32:06,0,0,0,linkmoa,todkdn
168,917042381450444800,"구매하실 수 있습니다. 기가지니 스피커 본체 임대 요금은 3년 약정 시 월 6,600원인데요, 현재 기가지니 콜라보 프로모션 기간으로 2017년 8월 1일 ~ 2018년 1월 31일까지는 올레 tv 상품에 따라 (계속)",2017-10-08 15:01:56,0,0,0,KT_CS,kt_cs
169,917042139678203905,"스피커 본체 판매가격은 299,000원(VAT 포함)이고, 카메라는 90,000원(VAT 포함)입니다. 만약, kt 멤버십 포인트 할인을 이용 시 기가지니 본체는 268,100원, 카메라는 81,000원에 (계속)",2017-10-08 15:00:58,0,0,0,KT_CS,kt_cs
170,915443844354732032,우리집의 유일한 스피커 .. 기가지니.. 넌 이제 매일매일 해리 스타일스 노래만 틀어야해,2017-10-04 05:09:55,0,0,0,해또  🐥 🗯,luvharryluvu
171,914862167249240065,"추가로 혹시, 올레 tv 메뉴에서 설정> 셋탑박스 설정 경로 가 있는지요? 있는 경우에는 셋탑박스 설정> 오디오 출력설정을 기가지니 스피커로 연결해 보시길 부탁드립니다. ^CS",2017-10-02 14:38:32,0,0,1,KT_CS,kt_cs
172,914856583451967490,"기다려 주셔서 감사합니다. TV 소리를 기가지니 스피커로 송출을 원하는 경우에는 고객님께서 알고 계신 내용과 같이 올레tv메뉴에서 설정>시스템설정>오디오출력설정 에서 ""기가지니스피커""를 선택하시면 되는데요, (계속)",2017-10-02 14:16:21,0,0,0,KT_CS,kt_cs
173,914850803978002432,"@kt_cs 안녕하세요? 기가지니를 사용하고 있는데, TV 소리를 기가지니로 나오게 하고 싶습니다. 설명서에 올레 tv 홈포털 > 설정 > 시스템 설정 > 오디오 출력설정에서 오디오 출력방법을 “기가지니 스피커 연결”로 변경해 주라고 나와 있는데, '시스템 설정' 메뉴가 없습니다. 어떻게 해야 하나요?",2017-10-02 13:53:23,0,0,5,김재민,kjm1208950
174,907101218912182272,불붙은 AI 스피커 시장 검색·쇼핑·길안내..차별화로 시장선점 '각축' | Daum 뉴스 https://goo.gl/jzpBvg  // 누구/기가지니/카카오미니/웨이브/에코/구글홈 벤치마크 기사를 봤으면 좋겠는데 아직 못본듯,2017-09-11 04:39:18,0,1,1,lunamoth,lunamoth
175,917042381450444800,"구매하실 수 있습니다. 기가지니 스피커 본체 임대 요금은 3년 약정 시 월 6,600원인데요, 현재 기가지니 콜라보 프로모션 기간으로 2017년 8월 1일 ~ 2018년 1월 31일까지는 올레 tv 상품에 따라 (계속)",2017-10-08 15:01:56,0,0,0,KT_CS,kt_cs
176,917042139678203905,"스피커 본체 판매가격은 299,000원(VAT 포함)이고, 카메라는 90,000원(VAT 포함)입니다. 만약, kt 멤버십 포인트 할인을 이용 시 기가지니 본체는 268,100원, 카메라는 81,000원에 (계속)",2017-10-08 15:00:58,0,0,0,KT_CS,kt_cs
177,915443844354732032,우리집의 유일한 스피커 .. 기가지니.. 넌 이제 매일매일 해리 스타일스 노래만 틀어야해,2017-10-04 05:09:55,0,0,0,해또  🐥 🗯,luvharryluvu
178,914862167249240065,"추가로 혹시, 올레 tv 메뉴에서 설정> 셋탑박스 설정 경로 가 있는지요? 있는 경우에는 셋탑박스 설정> 오디오 출력설정을 기가지니 스피커로 연결해 보시길 부탁드립니다. ^CS",2017-10-02 14:38:32,0,0,1,KT_CS,kt_cs
179,914856583451967490,"기다려 주셔서 감사합니다. TV 소리를 기가지니 스피커로 송출을 원하는 경우에는 고객님께서 알고 계신 내용과 같이 올레tv메뉴에서 설정>시스템설정>오디오출력설정 에서 ""기가지니스피커""를 선택하시면 되는데요, (계속)",2017-10-02 14:16:21,0,0,0,KT_CS,kt_cs
180,914850803978002432,"@kt_cs 안녕하세요? 기가지니를 사용하고 있는데, TV 소리를 기가지니로 나오게 하고 싶습니다. 설명서에 올레 tv 홈포털 > 설정 > 시스템 설정 > 오디오 출력설정에서 오디오 출력방법을 “기가지니 스피커 연결”로 변경해 주라고 나와 있는데, '시스템 설정' 메뉴가 없습니다. 어떻게 해야 하나요?",2017-10-02 13:53:23,0,0,5,김재민,kjm1208950
181,907101218912182272,불붙은 AI 스피커 시장 검색·쇼핑·길안내..차별화로 시장선점 '각축' | Daum 뉴스 https://goo.gl/jzpBvg  // 누구/기가지니/카카오미니/웨이브/에코/구글홈 벤치마크 기사를 봤으면 좋겠는데 아직 못본듯,2017-09-11 04:39:18,0,1,1,lunamoth,lunamoth
182,1052911291084546049,인공지능 스피커 KT 기가지니 세이펜으로 놀면서 공부하는 방법! https://funfunhan.com/2476087 ,2018-10-18 13:16:28,0,0,0,영댕이,funfunhan
183,1052536562401992705,앞으로 노래 제목 쉽게 짓기 해줘야겠어... 기가지니한테 '들었다 놨다 틀어줘' 말하다가 너무 못 알아들어서 멱살 잡을 뻔. 인공지능 스피커들이 잘 알아들을 수 있는 노래 제목이 필요하다.,2018-10-17 12:27:26,0,1,1,횬 🍻쪤,hyonncy
184,1052105993063084032,기가지니2 사용법 색상 가격 무료 이용방법 및 인공지능스피커 사용후기 https://koreabackpacking.com/960 ,2018-10-16 07:56:30,0,0,0,koreabackpacking,krbackpacking
185,1051740040970162176,KT 기가지니 인공지능 스피커 활용. 롯데슈퍼 장보기 & 맛집 검색 (출처 : 완소남 테.. | https://blog.naver.com/minchullive/221378018121 … 블로그) http://naver.me/x4nusGco ,2018-10-15 07:42:20,0,0,0,완소남,sweetinside
186,1051313826983858176,"티비 스피커가 나갔다. 갑자기. 
 요 며칠 남편이랑 
 ""티비를 새로 살까말까"" 
 이야기 나누다가 바꾸지 않기로 했는데 오늘 갑자기 티비 스피커가 고장났다. 

 임시방편으로 기가지니 스피커로 티비를 보고 있긴 한데, 그래도 일단 A/S 불러봐야겠지?",2018-10-14 03:28:43,0,0,1,냠냠,SMJ0327
187,1051120303831535616,"집안 어디서나 이용 가능한 인공지능 스피커 단품(액세서리)입니다. 또한, 별도의 통신서비스나 IPTV 가입(청약)이 필요 없이, 스피커 단말을 단독 구매 후 이용하실 수 있습니다. [※ 단, 기가지니 서비스 (계속)",2018-10-13 14:39:43,0,0,0,KT_CS,kt_cs
188,1050966541582389248,엄청난 인기제품이라 보름을 기다려 배송받음... 그동안 저가 TV 사운드바 땜에 기가지니 스피커로 소리를 들었었는데~ 이제 좀 나아질려나? #TV사운드바 goyang https://www.instagram.com/p/Bo3CGifgY8y/?utm_source=ig_twitter_share&igshid=1x0k9t8h2pwud …,2018-10-13 04:28:44,0,0,0,BRAVE,bravepark
189,1050620772807368705,안대요 집에 기가지니잇어서 스피커 넘텨남요,2018-10-12 05:34:46,0,0,1, 😘순두부유리멘탈 😘,ff14_100Hyang
190,1050579251005612032,인공지능 스피커를 스탠드 켜고꺼기 ~ #기가지니버디 #한샘팔렛IOT허브전구 #GIGAGENIE #사물인터넷 #기가지니 #인공지능스피커https://raycat.net/4486 ,2018-10-12 02:49:46,0,0,0,Raycat,raycatnet
191,1049875254598877186,"인공지능 스피커 기가지니, 세이팬 써보니 https://mobano.net/2700 ",2018-10-10 04:12:21,0,0,0,모바노,mobano_net
192,1048482787173355520,이번에 티비 설치하면서 기가지니2 왔는데 대박 똑똑하고 블루투스 스피커가 대박이네,2018-10-06 07:59:10,0,0,0,오사쯔의 카페미쯔 ✨( ❄️),DazaiMizz
193,1048480213800108033,인공지능스피커 AI학습 세이펜 KT GiGA Genie (기가지니) http://blog.naver.com/kimcoco1/221372278415 …,2018-10-06 07:48:57,0,0,0,DongHwan Lee,kimcoco1
194,1046336038182895616,kt 기가지니 이제는 맛집검색과 장보기 가능한 인공지능스피커 http://blog.naver.com/kimcoco1/221368291863 …,2018-09-30 09:48:46,0,0,0,DongHwan Lee,kimcoco1
195,1045960709312438272,"엄마 외출해계실때 기가지니로 블루투스스피커 연결하고 리겜해보고십다,,
특히,,브레인파워",2018-09-29 08:57:20,0,1,0,메인트(닉이 진짜 메인트면 간지나겠지만 메인트 보라는 뜻입니다),killard72_
196,1045174733879173121,"1) 구글홈 : 구글제품 연동(캘린더) 에 장점, 넷플릭스, 유튜브 연동  
2) 네이버 클로버 : 네이버 검색 연동, LGU+연동 
3) 누구 : SK Btv 연동, 11번가 구매(...)  
4) KT기가지니 : 스피커 성능(하만카돈) 우수, KT IPTV연동",2018-09-27 04:54:09,0,1,1,수증기,gksrnrwjdclrmrg
197,1045162488264683520,기가지니를 주로 블투 스피커로 이용하는 편,2018-09-27 04:05:30,0,0,0,나는이제@sommniumm,rojo__606
198,1040774601402331136,거실나가서 기가지니로 위영트러놔야지 기가지니 유일하게 잘하는거 음질 좋은 스피커역할,2018-09-15 01:29:36,0,0,0,새빠꾸,kitty_199X
199,1052911291084546049,인공지능 스피커 KT 기가지니 세이펜으로 놀면서 공부하는 방법! https://funfunhan.com/2476087 ,2018-10-18 13:16:28,0,0,0,영댕이,funfunhan
200,1052536562401992705,앞으로 노래 제목 쉽게 짓기 해줘야겠어... 기가지니한테 '들었다 놨다 틀어줘' 말하다가 너무 못 알아들어서 멱살 잡을 뻔. 인공지능 스피커들이 잘 알아들을 수 있는 노래 제목이 필요하다.,2018-10-17 12:27:26,0,1,1,횬 🍻쪤,hyonncy
201,1052105993063084032,기가지니2 사용법 색상 가격 무료 이용방법 및 인공지능스피커 사용후기 https://koreabackpacking.com/960 ,2018-10-16 07:56:30,0,0,0,koreabackpacking,krbackpacking
202,1051740040970162176,KT 기가지니 인공지능 스피커 활용. 롯데슈퍼 장보기 & 맛집 검색 (출처 : 완소남 테.. | https://blog.naver.com/minchullive/221378018121 … 블로그) http://naver.me/x4nusGco ,2018-10-15 07:42:20,0,0,0,완소남,sweetinside
203,1051313826983858176,"티비 스피커가 나갔다. 갑자기. 
 요 며칠 남편이랑 
 ""티비를 새로 살까말까"" 
 이야기 나누다가 바꾸지 않기로 했는데 오늘 갑자기 티비 스피커가 고장났다. 

 임시방편으로 기가지니 스피커로 티비를 보고 있긴 한데, 그래도 일단 A/S 불러봐야겠지?",2018-10-14 03:28:43,0,0,1,냠냠,SMJ0327
204,1051120303831535616,"집안 어디서나 이용 가능한 인공지능 스피커 단품(액세서리)입니다. 또한, 별도의 통신서비스나 IPTV 가입(청약)이 필요 없이, 스피커 단말을 단독 구매 후 이용하실 수 있습니다. [※ 단, 기가지니 서비스 (계속)",2018-10-13 14:39:43,0,0,0,KT_CS,kt_cs
205,1050966541582389248,엄청난 인기제품이라 보름을 기다려 배송받음... 그동안 저가 TV 사운드바 땜에 기가지니 스피커로 소리를 들었었는데~ 이제 좀 나아질려나? #TV사운드바 goyang https://www.instagram.com/p/Bo3CGifgY8y/?utm_source=ig_twitter_share&igshid=1x0k9t8h2pwud …,2018-10-13 04:28:44,0,0,0,BRAVE,bravepark
206,1050620772807368705,안대요 집에 기가지니잇어서 스피커 넘텨남요,2018-10-12 05:34:46,0,0,1, 😘순두부유리멘탈 😘,ff14_100Hyang
207,1050579251005612032,인공지능 스피커를 스탠드 켜고꺼기 ~ #기가지니버디 #한샘팔렛IOT허브전구 #GIGAGENIE #사물인터넷 #기가지니 #인공지능스피커https://raycat.net/4486 ,2018-10-12 02:49:46,0,0,0,Raycat,raycatnet
208,1049875254598877186,"인공지능 스피커 기가지니, 세이팬 써보니 https://mobano.net/2700 ",2018-10-10 04:12:21,0,0,0,모바노,mobano_net
209,1048482787173355520,이번에 티비 설치하면서 기가지니2 왔는데 대박 똑똑하고 블루투스 스피커가 대박이네,2018-10-06 07:59:10,0,0,0,오사쯔의 카페미쯔 ✨( ❄️),DazaiMizz
210,1048480213800108033,인공지능스피커 AI학습 세이펜 KT GiGA Genie (기가지니) http://blog.naver.com/kimcoco1/221372278415 …,2018-10-06 07:48:57,0,0,0,DongHwan Lee,kimcoco1
211,1046336038182895616,kt 기가지니 이제는 맛집검색과 장보기 가능한 인공지능스피커 http://blog.naver.com/kimcoco1/221368291863 …,2018-09-30 09:48:46,0,0,0,DongHwan Lee,kimcoco1
212,1045960709312438272,"엄마 외출해계실때 기가지니로 블루투스스피커 연결하고 리겜해보고십다,,
특히,,브레인파워",2018-09-29 08:57:20,0,1,0,메인트(닉이 진짜 메인트면 간지나겠지만 메인트 보라는 뜻입니다),killard72_
213,1045174733879173121,"1) 구글홈 : 구글제품 연동(캘린더) 에 장점, 넷플릭스, 유튜브 연동  
2) 네이버 클로버 : 네이버 검색 연동, LGU+연동 
3) 누구 : SK Btv 연동, 11번가 구매(...)  
4) KT기가지니 : 스피커 성능(하만카돈) 우수, KT IPTV연동",2018-09-27 04:54:09,0,1,1,수증기,gksrnrwjdclrmrg
214,1045162488264683520,기가지니를 주로 블투 스피커로 이용하는 편,2018-09-27 04:05:30,0,0,0,나는이제@sommniumm,rojo__606
215,1040774601402331136,거실나가서 기가지니로 위영트러놔야지 기가지니 유일하게 잘하는거 음질 좋은 스피커역할,2018-09-15 01:29:36,0,0,0,새빠꾸,kitty_199X
216,1125557041810919426,"기가지니, 클로바, 카카오미니, AI 스피커로 음악 듣기보단 이제 쇼핑하고 싶지 않으세요? 날씨만 물어보기엔 너무 좋은 스피커들이죠. 이제겨우 말알아듣기 시작한 서비스에 요구하기 벅찬 느낌도 있지만, 대화를 넘어선 쇼핑, 무엇이 해결되어야 할지 생각해봤습니다
https://brunch.co.kr/@gentlepie/40 ",2019-05-07 00:24:45,0,5,0,Jamie Park 제이미  🤖,jamiepark
217,1124873843926032384,핸드폰 있으니까 티비를 안봐서 기가지니 그냥 블루투스 스피커됐네,2019-05-05 03:09:58,0,0,1,asdf,EJfdl
218,1124629171961917440,KT AI스피커 기가지니에 한글 끝말잇기 서비스가 등록되었습니다. http://blog.naver.com/kspchina/221529666506 …,2019-05-04 10:57:43,0,0,0,Vincensio,ksp9777
219,1123625742393167872,"기가지니 공짜로 받앗는데 하만 스피커라 근가 음질 빵빵하고 조으내,, 지니뮤직 공짜니까 개이득,,,",2019-05-01 16:30:27,0,1,0,듕 🥰,go1denbaby
220,1123230552776167424,"보이는 라디오가 아닌 '보이는 AI 스피커' 대전!

SKT는 유아를 타겟으로 한 누구 네모를,
KT와 LGU+는 TV와 결합한 상품을 내놨습니다.

어떤 것에 가장 끌리시나요?

#AI스피커2세대 #보는AI스피커 #누구네모 #기가지니 #U플러스TVhttp://it.chosun.com/site/data/html_dir/2019/04/30/2019043002724.html …",2019-04-30 14:20:07,0,0,0,IT조선,IT_CHOSUN
221,1122779035245977603,"어린이를 위한 AI스피커를 비교해보았다.
#네모 #기가지니 #누구 #이뉴스투데이http://m.enewstoday.co.kr/news/articleView.html?idxno=1296304 …",2019-04-29 08:25:56,1,0,0,이뉴스투데이,enewstoday2013
222,1122762576645902336,"KT, IPTV 결합한 AI 스피커 '기가지니 테이블TV' 공개
기가지니 테이블TV’는 AI 스피커라기 보다 AI TV에 가깝다. 셋톱박스에 화면을 결합시켜 개인용 AI TV로 개발한 제품인 까닭
11.6인치 FHD 화면과 함께 무선 셋톱박스 역할
http://www.nextdaily.co.kr/news/article.html?id=20190429800050&mc=em_203_00005 …",2019-04-29 07:20:32,0,0,0,liuwon,won_wizard
223,1122742978533941248,"'아빠 목소리로 동화책'... KT, 보이는 AI 스피커 선보인다 #기가지니 #KT http://omn.kr/1iywn  이승훈 기자",2019-04-29 06:02:40,0,1,0,오마이뉴스,OhmyNews_Korea
224,1122674117721743360,"하만 코리아, 국내 최초 디스플레이형 IPTV셋톱박스 kt ‘기가지니 테이블TV’에 하만카돈 스피커 탑재 http://www.newswire.co.kr/newsRead.php?no=887315 …",2019-04-29 01:29:02,0,0,0,뉴스와이어 기술/IT,newswire_nel
225,1122673862343151616,"하만 코리아, 국내 최초 디스플레이형 IPTV셋톱박스 kt ‘기가지니 테이블TV’에 하만카돈 스피커 탑재 http://www.newswire.co.kr/newsRead.php?no=887315 …",2019-04-29 01:28:01,0,0,0,뉴스와이어,koreanewswire
226,1122151329558712321,★전국AI자랑 시즌2★ | SKT ’누구‘ vs KT ’기가지니‘ vs 다시 돌아온 ’카카오미니‘ ... https://youtu.be/_jNMuHAZoxs  - 전설의 임진왜란 짤 때문에 모든 스피커가 그건 잘 대답하는 거 너무 웃겨 ㅋㅋㅋㅋ,2019-04-27 14:51:40,1,1,1,이군,Young_Delight
227,1120645695583600646,"집안 어디서나 이용 가능한 인공지능 스피커 단품(액세서리)입니다. 또한, 별도의 유료 통신 서비스나 IPTV 가입(청약)이 필요 없이, 스피커 단말을 단독 구매 후 이용하실 수 있습니다. [※ 단, 기가지니 서비스 (계속)",2019-04-23 11:08:49,0,0,0,KT_CS,kt_cs
228,1119170855789969409,기가지니 그거 완전 블루투스스피커 아님까,2019-04-19 09:28:19,0,0,0,샤이스타P,brk6012
229,1117435744472092672,"믽에게 있었던 해프닝을 설명하자면 지가 밖에 블루투스 스피커 연결해놓고 폰에서 소리가 안나고 밖에서 사람소리 들린다고 반톡에 지랄했던 사람임 그리고 갑자기 연락 끊겨서 섟,숝 믽구집 가니까 기가지니 켜지는 소리 듣고 기절해있었음 그런 믽 대딩돼서 처음으로 귀신의 집 가는 이유는",2019-04-14 14:33:37,0,0,1,제영,_Z3R__0
230,1116912219638259712,기가지니2 설치하자마자 블루투스 스피커로 전락,2019-04-13 03:53:19,0,0,0,노노츠/이민가야한다,jdh0121
231,1116874419568136192,"스피커로 들으니까 확실히 다르다, 폰으로 듣는거와 차이가 느껴지니 앨범이 더 간절해진다ㅠ
#정국 이가 자꾸 네 전부를 함께 하고싶다는데 제대로 못 느끼는듯해서 갈증나 너무
@BTS_twt
기가지니가 지니이용권을 구매하라고 권유하네ㅋ넘어갈까 말까~ pic.twitter.com/fA9ygwhJ06",2019-04-13 01:23:06,0,0,0,나님~ 💜,tbtbqk
232,1116861999382536192,"이번주에 생활관 안에 기가지니 스피커가 설치 됐다.
채널 돌리고 있다보면 기가지니 티비꺼줘하고 도망치는 동기들을 보면서 인류의 기술발전은 무엇을 위해 일어나고 있는가라는 생각이....",2019-04-13 00:33:45,0,0,0,Dong-won Jang,dohan0930
233,1115998310995714049,기가지니가 AI스피커중에서 제일 멍청하데. 내동생네집에 있는 기가지니보니 멍청하더라고..ㅋ,2019-04-10 15:21:46,0,0,1,silvercat,kerklandas
234,1125557041810919426,"기가지니, 클로바, 카카오미니, AI 스피커로 음악 듣기보단 이제 쇼핑하고 싶지 않으세요? 날씨만 물어보기엔 너무 좋은 스피커들이죠. 이제겨우 말알아듣기 시작한 서비스에 요구하기 벅찬 느낌도 있지만, 대화를 넘어선 쇼핑, 무엇이 해결되어야 할지 생각해봤습니다
https://brunch.co.kr/@gentlepie/40 ",2019-05-07 00:24:45,0,5,0,Jamie Park 제이미  🤖,jamiepark
235,1124873843926032384,핸드폰 있으니까 티비를 안봐서 기가지니 그냥 블루투스 스피커됐네,2019-05-05 03:09:58,0,0,1,asdf,EJfdl
236,1124629171961917440,KT AI스피커 기가지니에 한글 끝말잇기 서비스가 등록되었습니다. http://blog.naver.com/kspchina/221529666506 …,2019-05-04 10:57:43,0,0,0,Vincensio,ksp9777
237,1123625742393167872,"기가지니 공짜로 받앗는데 하만 스피커라 근가 음질 빵빵하고 조으내,, 지니뮤직 공짜니까 개이득,,,",2019-05-01 16:30:27,0,1,0,듕 🥰,go1denbaby
238,1123230552776167424,"보이는 라디오가 아닌 '보이는 AI 스피커' 대전!

SKT는 유아를 타겟으로 한 누구 네모를,
KT와 LGU+는 TV와 결합한 상품을 내놨습니다.

어떤 것에 가장 끌리시나요?

#AI스피커2세대 #보는AI스피커 #누구네모 #기가지니 #U플러스TVhttp://it.chosun.com/site/data/html_dir/2019/04/30/2019043002724.html …",2019-04-30 14:20:07,0,0,0,IT조선,IT_CHOSUN
239,1122779035245977603,"어린이를 위한 AI스피커를 비교해보았다.
#네모 #기가지니 #누구 #이뉴스투데이http://m.enewstoday.co.kr/news/articleView.html?idxno=1296304 …",2019-04-29 08:25:56,1,0,0,이뉴스투데이,enewstoday2013
240,1122762576645902336,"KT, IPTV 결합한 AI 스피커 '기가지니 테이블TV' 공개
기가지니 테이블TV’는 AI 스피커라기 보다 AI TV에 가깝다. 셋톱박스에 화면을 결합시켜 개인용 AI TV로 개발한 제품인 까닭
11.6인치 FHD 화면과 함께 무선 셋톱박스 역할
http://www.nextdaily.co.kr/news/article.html?id=20190429800050&mc=em_203_00005 …",2019-04-29 07:20:32,0,0,0,liuwon,won_wizard
241,1122742978533941248,"'아빠 목소리로 동화책'... KT, 보이는 AI 스피커 선보인다 #기가지니 #KT http://omn.kr/1iywn  이승훈 기자",2019-04-29 06:02:40,0,1,0,오마이뉴스,OhmyNews_Korea
242,1122674117721743360,"하만 코리아, 국내 최초 디스플레이형 IPTV셋톱박스 kt ‘기가지니 테이블TV’에 하만카돈 스피커 탑재 http://www.newswire.co.kr/newsRead.php?no=887315 …",2019-04-29 01:29:02,0,0,0,뉴스와이어 기술/IT,newswire_nel
243,1122673862343151616,"하만 코리아, 국내 최초 디스플레이형 IPTV셋톱박스 kt ‘기가지니 테이블TV’에 하만카돈 스피커 탑재 http://www.newswire.co.kr/newsRead.php?no=887315 …",2019-04-29 01:28:01,0,0,0,뉴스와이어,koreanewswire
244,1122151329558712321,★전국AI자랑 시즌2★ | SKT ’누구‘ vs KT ’기가지니‘ vs 다시 돌아온 ’카카오미니‘ ... https://youtu.be/_jNMuHAZoxs  - 전설의 임진왜란 짤 때문에 모든 스피커가 그건 잘 대답하는 거 너무 웃겨 ㅋㅋㅋㅋ,2019-04-27 14:51:40,1,1,1,이군,Young_Delight
245,1120645695583600646,"집안 어디서나 이용 가능한 인공지능 스피커 단품(액세서리)입니다. 또한, 별도의 유료 통신 서비스나 IPTV 가입(청약)이 필요 없이, 스피커 단말을 단독 구매 후 이용하실 수 있습니다. [※ 단, 기가지니 서비스 (계속)",2019-04-23 11:08:49,0,0,0,KT_CS,kt_cs
246,1119170855789969409,기가지니 그거 완전 블루투스스피커 아님까,2019-04-19 09:28:19,0,0,0,샤이스타P,brk6012
247,1117435744472092672,"믽에게 있었던 해프닝을 설명하자면 지가 밖에 블루투스 스피커 연결해놓고 폰에서 소리가 안나고 밖에서 사람소리 들린다고 반톡에 지랄했던 사람임 그리고 갑자기 연락 끊겨서 섟,숝 믽구집 가니까 기가지니 켜지는 소리 듣고 기절해있었음 그런 믽 대딩돼서 처음으로 귀신의 집 가는 이유는",2019-04-14 14:33:37,0,0,1,제영,_Z3R__0
248,1116912219638259712,기가지니2 설치하자마자 블루투스 스피커로 전락,2019-04-13 03:53:19,0,0,0,노노츠/이민가야한다,jdh0121
249,1116874419568136192,"스피커로 들으니까 확실히 다르다, 폰으로 듣는거와 차이가 느껴지니 앨범이 더 간절해진다ㅠ
#정국 이가 자꾸 네 전부를 함께 하고싶다는데 제대로 못 느끼는듯해서 갈증나 너무
@BTS_twt
기가지니가 지니이용권을 구매하라고 권유하네ㅋ넘어갈까 말까~ pic.twitter.com/fA9ygwhJ06",2019-04-13 01:23:06,0,0,0,나님~ 💜,tbtbqk
250,1116861999382536192,"이번주에 생활관 안에 기가지니 스피커가 설치 됐다.
채널 돌리고 있다보면 기가지니 티비꺼줘하고 도망치는 동기들을 보면서 인류의 기술발전은 무엇을 위해 일어나고 있는가라는 생각이....",2019-04-13 00:33:45,0,0,0,Dong-won Jang,dohan0930
251,1115998310995714049,기가지니가 AI스피커중에서 제일 멍청하데. 내동생네집에 있는 기가지니보니 멍청하더라고..ㅋ,2019-04-10 15:21:46,0,0,1,silvercat,kerklandas
252,977847580309651458,인공지능 음성인식 스피커! KT 기가지니2 기능과 요금 정리! http://funfunhan.com/2475735 ,2018-03-25 10:00:05,1,0,0,영댕이,funfunhan
253,977168590733328385,기가지니스피커들고가면 개짱이지..진심...,2018-03-23 13:02:01,0,0,0,만디,minjisong1997
254,977110355246661633,"[소셜분석] 인공지능 스피커 시장 : 클로바 VS 카카오미니 VS 기가지니 VS SK누구, 그 승자는? (출처 : 에스엠투네.. | 블로그) http://naver.me/GWG10opF ",2018-03-23 09:10:37,0,0,0,박영일 PARK YOUNG IL,park01ad
255,977064165977264128,"#클로바 #카카오미니 #기가지니 #sk누구 - 과연 국내에서는 어떤 인공지능 스피커가 대세로 떠오르고 있을까요? 자세한 내용은 아래 링크를 참조해주세요! :) 
http://bit.ly/2HXTt3r ",2018-03-23 06:07:04,0,0,0,SM2 NETWORKS- DM BU,dmktginsight
256,976954683636895744,"새끈하게 다가온 인공지능 스피커, 기가지니2 만나볼래? http://need97.blog.me/221235091890 ",2018-03-22 22:52:02,0,0,0,siasia,siasia7
257,976073990589394944,KT 기가지니2 말로하는 인공지능스피커 올레TV와 함께하면 더 좋아요. http://blog.naver.com/kimcoco1/221233385314 …,2018-03-20 12:32:28,0,0,0,DongHwan Lee,kimcoco1
258,975906580414660608,"AI스피커 ‘기가지니’, 보험·헬스케어 서비스 접목 http://www.e-conomy.co.kr/news/articleView.html?idxno=22756 …",2018-03-20 01:27:14,0,0,0,우먼컨슈머,womancs_1221
259,975656800052629505,"2018년 3월 19일 인공지능스피커 (BrandStock Top Index) 순위
1위 누구 695.9 
2위 카카오미니 672.8 
3위 기가지니 605.9 

#인공지능스피커 #누구 #카카오미니 #기가지니 pic.twitter.com/WumqtEDZ5m",2018-03-19 08:54:42,0,0,0,브랜드스탁,brandori1
260,973834663713177601,AI 인공지능스피커 KT 기가지니2 사용법 http://blingyue.com/221228837596 ,2018-03-14 08:14:11,0,0,0,블링유에,blingyue
261,973831133514301440,인공지능 스피커 셋톱박스 기가지니2 내점수는요~ http://dicagallery.com/221228826542 ,2018-03-14 08:00:09,0,0,0,함영민 (디카갤러리),Dicagallery
262,973319118869991427,슬림하게 돌아온 인공지능 스피커 기가지니2 무엇이 달라졌나? https://goo.gl/fb/nNximT ,2018-03-12 22:05:35,0,0,0,Kim Ki Su,kimguns
263,973130480219430913,KT 인공지능스피커 기가지니2 어떤 기능 담고 다시 왔나? http://bijouhome.co.kr/221227325969 ,2018-03-12 09:36:01,0,0,0,최윤정,heena_mom
264,972059125654802432,더 작아지고 빨라진 인공지능 기가지니2 를 먼저 사용해 봤습니다. 인공지능 스피커도 이제 점점 활용 범위도 넓어지고 콘텐츠도 많이 늘어난 느낌을 주네요. 자세한 내용은 리뷰를 참고하세요. #KT...https://fb.me/YTV1Py9m ,2018-03-09 10:38:50,0,0,0,Raycat,raycatnet
265,969428647432998912,최근 삶에 윤택함을 가져다 준 것은 의외로 별 기대 없이 스피커로 쓰려던 기가지니와 기가지니LTE였다.,2018-03-02 04:26:15,0,0,0,승돌,iamseungdol
266,968771199844134912,"2018년 2월 28일 인공지능스피커 (BrandStock Top Index) 순위
1위 누구 694.7 
2위 카카오미니 671.2 
3위 기가지니 617.5 

#인공지능스피커 #누구 #카카오미니 #기가지니 pic.twitter.com/uRaqa77Fux",2018-02-28 08:53:47,0,0,0,브랜드스탁,brandori1
267,968486270530826240,안녕하세요. kt 트위터입니다. 기가지니2 주요 특징에는 ① 주변 인테리어와 조화를 이루는 슬림한 사이즈로 부드럽고 우아함이 느껴지는 고품격 디자인 ② 가전제품 음성제어 기능 강화 ③ 프리미엄 하만카돈 스피커로 (계속),2018-02-27 14:01:35,0,0,0,KT_CS,kt_cs
268,968044532913774592,"#성규정규_트루럽
기가지니로스피커해서들어야지ㅎㅎ",2018-02-26 08:46:16,0,0,0,루다,luda_0609
269,965490380924887040,"제가 국내 AI스피커는 다 사용 중이거든요..
기가지니, 클로바(웨이브), 카카오미니...
아.. 누구는 사용 중이지 않구나..
그거 아주 초창기 때 1차 런칭 때 존나게 싸게 팔고 있어서 살까말까 했지만 기능이 너무 제한적이라서 일부러 안 샀는 데... 지금 가장 기능이 많아진 거 같음...ㅋㅋ",2018-02-19 07:36:59,0,0,1,(민중당원) 좌파,tkfjsrks
270,977847580309651458,인공지능 음성인식 스피커! KT 기가지니2 기능과 요금 정리! http://funfunhan.com/2475735 ,2018-03-25 10:00:05,1,0,0,영댕이,funfunhan
271,977168590733328385,기가지니스피커들고가면 개짱이지..진심...,2018-03-23 13:02:01,0,0,0,만디,minjisong1997
272,977110355246661633,"[소셜분석] 인공지능 스피커 시장 : 클로바 VS 카카오미니 VS 기가지니 VS SK누구, 그 승자는? (출처 : 에스엠투네.. | 블로그) http://naver.me/GWG10opF ",2018-03-23 09:10:37,0,0,0,박영일 PARK YOUNG IL,park01ad
273,977064165977264128,"#클로바 #카카오미니 #기가지니 #sk누구 - 과연 국내에서는 어떤 인공지능 스피커가 대세로 떠오르고 있을까요? 자세한 내용은 아래 링크를 참조해주세요! :) 
http://bit.ly/2HXTt3r ",2018-03-23 06:07:04,0,0,0,SM2 NETWORKS- DM BU,dmktginsight
274,976954683636895744,"새끈하게 다가온 인공지능 스피커, 기가지니2 만나볼래? http://need97.blog.me/221235091890 ",2018-03-22 22:52:02,0,0,0,siasia,siasia7
275,976073990589394944,KT 기가지니2 말로하는 인공지능스피커 올레TV와 함께하면 더 좋아요. http://blog.naver.com/kimcoco1/221233385314 …,2018-03-20 12:32:28,0,0,0,DongHwan Lee,kimcoco1
276,975906580414660608,"AI스피커 ‘기가지니’, 보험·헬스케어 서비스 접목 http://www.e-conomy.co.kr/news/articleView.html?idxno=22756 …",2018-03-20 01:27:14,0,0,0,우먼컨슈머,womancs_1221
277,975656800052629505,"2018년 3월 19일 인공지능스피커 (BrandStock Top Index) 순위
1위 누구 695.9 
2위 카카오미니 672.8 
3위 기가지니 605.9 

#인공지능스피커 #누구 #카카오미니 #기가지니 pic.twitter.com/WumqtEDZ5m",2018-03-19 08:54:42,0,0,0,브랜드스탁,brandori1
278,973834663713177601,AI 인공지능스피커 KT 기가지니2 사용법 http://blingyue.com/221228837596 ,2018-03-14 08:14:11,0,0,0,블링유에,blingyue
279,973831133514301440,인공지능 스피커 셋톱박스 기가지니2 내점수는요~ http://dicagallery.com/221228826542 ,2018-03-14 08:00:09,0,0,0,함영민 (디카갤러리),Dicagallery
280,973319118869991427,슬림하게 돌아온 인공지능 스피커 기가지니2 무엇이 달라졌나? https://goo.gl/fb/nNximT ,2018-03-12 22:05:35,0,0,0,Kim Ki Su,kimguns
281,973130480219430913,KT 인공지능스피커 기가지니2 어떤 기능 담고 다시 왔나? http://bijouhome.co.kr/221227325969 ,2018-03-12 09:36:01,0,0,0,최윤정,heena_mom
282,972059125654802432,더 작아지고 빨라진 인공지능 기가지니2 를 먼저 사용해 봤습니다. 인공지능 스피커도 이제 점점 활용 범위도 넓어지고 콘텐츠도 많이 늘어난 느낌을 주네요. 자세한 내용은 리뷰를 참고하세요. #KT...https://fb.me/YTV1Py9m ,2018-03-09 10:38:50,0,0,0,Raycat,raycatnet
283,969428647432998912,최근 삶에 윤택함을 가져다 준 것은 의외로 별 기대 없이 스피커로 쓰려던 기가지니와 기가지니LTE였다.,2018-03-02 04:26:15,0,0,0,승돌,iamseungdol
284,968771199844134912,"2018년 2월 28일 인공지능스피커 (BrandStock Top Index) 순위
1위 누구 694.7 
2위 카카오미니 671.2 
3위 기가지니 617.5 

#인공지능스피커 #누구 #카카오미니 #기가지니 pic.twitter.com/uRaqa77Fux",2018-02-28 08:53:47,0,0,0,브랜드스탁,brandori1
285,968486270530826240,안녕하세요. kt 트위터입니다. 기가지니2 주요 특징에는 ① 주변 인테리어와 조화를 이루는 슬림한 사이즈로 부드럽고 우아함이 느껴지는 고품격 디자인 ② 가전제품 음성제어 기능 강화 ③ 프리미엄 하만카돈 스피커로 (계속),2018-02-27 14:01:35,0,0,0,KT_CS,kt_cs
286,968044532913774592,"#성규정규_트루럽
기가지니로스피커해서들어야지ㅎㅎ",2018-02-26 08:46:16,0,0,0,루다,luda_0609
287,965490380924887040,"제가 국내 AI스피커는 다 사용 중이거든요..
기가지니, 클로바(웨이브), 카카오미니...
아.. 누구는 사용 중이지 않구나..
그거 아주 초창기 때 1차 런칭 때 존나게 싸게 팔고 있어서 살까말까 했지만 기능이 너무 제한적이라서 일부러 안 샀는 데... 지금 가장 기능이 많아진 거 같음...ㅋㅋ",2018-02-19 07:36:59,0,0,1,(민중당원) 좌파,tkfjsrks
288,1067790983268429824,기가지니 저런 친구예요 .. 그 인공지능 블루투스 .. 스피커,2018-11-28 14:43:03,0,0,0,냐냐,frommydawn
289,1065890954765262848,"2018년 11월 23일 인공지능스피커 (BrandStock Top Index) 순위
1위 누구 700.5 
2위 카카오미니 681.2 
3위 기가지니 615 

#인공지능스피커 #누구 #카카오미니 #기가지니 pic.twitter.com/nBLj4HdZ76",2018-11-23 08:53:01,0,0,0,브랜드스탁,brandori1
290,1065841503161872384,"기가지니 지 이름도 못 알아듣고
티비소리에 지혼자 대답하지만
딱하나 조은점 블투스피커",2018-11-23 05:36:31,0,0,0, 🦒밤빵 🦒,xxMarron_cat
291,1064845085815169025,그래도 우리 스피커는이름이예쁘다 기가지니가머야; 우리 애 이름은 아리아야 아리아,2018-11-20 11:37:06,0,1,0,이곳은뒷계 🔪 🌌일루젼,ghkstkdsla5712
292,1064005911788711936,"기가지니 써보니까 블루투스 스피커랑 리모컨 찾아줘~말해서 찾는기능이 최곤거같당
٩(๑˃́ꇴ˂̀๑)و 
 https://m.youtube.com/watch?v=LTrHChjE7gk …",2018-11-18 04:02:32,0,0,0,스파이더맨 뉴유니버스 보고 인싸됐다♬,niaka_
293,1063013175379976192,기가지니 스피커보다 낫다고 했잖아,2018-11-15 10:17:45,0,0,0,카자미군@Work,Kazamigoon
294,1063004505007022080,"AI스피커 올해 1억대 넘나? 中 알리바바·바이두 '맹추격' | 다음뉴스 https://news.v.daum.net/v/20181115101613430 …
국내시장에서는 시장 점유율 과반을 넘기는 선두업체가 없는 가운데 구글의 '구글홈'을 비롯해 SK텔레콤의 '누구', KT의 '기가지니', 네이버 '클로바', 카카오의 '카카오미니'가 경쟁을 벌이고 있다.",2018-11-15 09:43:18,0,0,0,LunaStratos,LunaStratos
295,1062906213065609216,블루투스 하이브리드 스피커! 하이브리드니까! 이름은 기가지니처럼 하이제니,2018-11-15 03:12:43,0,0,1,당신을 너무 사랑하고 있습니다,nomorellove
296,1061273773628768257,TV 스피커 출력이 기가지니보다 세서 TV 스피커 출력으로 바꿨다....,2018-11-10 15:05:59,0,0,0,카자미군@Work,Kazamigoon
297,1061163772918693888,"카카오 미니, 웨이브, 클로바 프랜즈, 누구, 기가지니 etc...
'음성 인식 스피커'로는 최종의 승부를 볼 수 없다. 결국...인공지능 플랫폼이 승부를 좌우한다. 이 말에는 내가 책임 질 수 있다. 500건다.",2018-11-10 07:48:53,0,0,0,최재홍,smartphone_choi
298,1060813252429438976,아 기가지니까지는 아니고 그냥 인공지능 스피커 정도예요. ㅋㅋㅋㅋㅋㅋ 네이버 클로바 스피커랑 비슷하지만 얘는 카카오랑 멜론과 연동되어 있어요 ㅋㅋㅋㅋㅋ,2018-11-09 08:36:02,0,1,0,시랑,SaySirang
299,1060385576937938944,인공지능 스피커 있으면 뭐가 좋지 기가지니 뭉게 그만 짖으라해,2018-11-08 04:16:37,0,3,0,뎍며,d0y9a2c7t
300,1059094246131556352,내 탐라 내 댕글 찐뷘 규리 사랑해 기가지니 부를 땐 목소리 한 톤 높여서 불러야 대답 잘 하고 또 뭐 잇지? 스피커 꼭 써봐 진짜 개좋아;;,2018-11-04 14:45:19,0,0,0,댕글,nunajarhey
301,1056202426233962496,"기가지니~  유투브 노래방 *** 검색해줘
를 실행한후 스피커 마이크 에코 빵빵하게 틀어주면 코인 노래방 못지 않다.
는 걸 친정에 알려줬다가 5시간째 노래방플하느라 아직도 집에  못가고 있다.",2018-10-27 15:14:16,0,1,0,우주인,_lightyear
302,1055709272028340224,인공지능스피커 활용! 홈스쿨 가능한 KT 기가지니 세이펜 AI 학습 후기 (출처 : 완소남 테.. | 블로그) http://m.blog.naver.com/minchullive/221385529013 …,2018-10-26 06:34:39,0,0,0,완소남,sweetinside
303,1055705866534416385,인공지능스피커 활용! 홈스쿨 가능한 KT 기가지니 세이펜 AI 학습 후기 (출처 : 완소남 테.. | https://blog.naver.com/minchullive/221385529013 … 블로그) http://naver.me/FJ2I9guM ,2018-10-26 06:21:07,0,0,0,완소남,sweetinside
304,1054652546466275329,"[메이커스] 내맘대로 AI스피커 (1편 - 개봉/조립해보기)
http://blog.naver.com/elepartsblog/221373367899 …
[메이커스] 내맘대로 AI스피커 (2편 - KT기가지니 가입 및 이용신청하기)
http://blog.naver.com/elepartsblog/221375975599 …
[메이커스] 내맘대로 AI스피커 (3편 - 라즈베리파이 세팅 및 예제 프로그램 실행)
http://blog.naver.com/elepartsblog/221383360170 …",2018-10-23 08:35:36,2,2,0,엘레파츠,eleparts
305,1067790983268429824,기가지니 저런 친구예요 .. 그 인공지능 블루투스 .. 스피커,2018-11-28 14:43:03,0,0,0,냐냐,frommydawn
306,1065890954765262848,"2018년 11월 23일 인공지능스피커 (BrandStock Top Index) 순위
1위 누구 700.5 
2위 카카오미니 681.2 
3위 기가지니 615 

#인공지능스피커 #누구 #카카오미니 #기가지니 pic.twitter.com/nBLj4HdZ76",2018-11-23 08:53:01,0,0,0,브랜드스탁,brandori1
307,1065841503161872384,"기가지니 지 이름도 못 알아듣고
티비소리에 지혼자 대답하지만
딱하나 조은점 블투스피커",2018-11-23 05:36:31,0,0,0, 🦒밤빵 🦒,xxMarron_cat
308,1064845085815169025,그래도 우리 스피커는이름이예쁘다 기가지니가머야; 우리 애 이름은 아리아야 아리아,2018-11-20 11:37:06,0,1,0,이곳은뒷계 🔪 🌌일루젼,ghkstkdsla5712
309,1064005911788711936,"기가지니 써보니까 블루투스 스피커랑 리모컨 찾아줘~말해서 찾는기능이 최곤거같당
٩(๑˃́ꇴ˂̀๑)و 
 https://m.youtube.com/watch?v=LTrHChjE7gk …",2018-11-18 04:02:32,0,0,0,스파이더맨 뉴유니버스 보고 인싸됐다♬,niaka_
310,1063013175379976192,기가지니 스피커보다 낫다고 했잖아,2018-11-15 10:17:45,0,0,0,카자미군@Work,Kazamigoon
311,1063004505007022080,"AI스피커 올해 1억대 넘나? 中 알리바바·바이두 '맹추격' | 다음뉴스 https://news.v.daum.net/v/20181115101613430 …
국내시장에서는 시장 점유율 과반을 넘기는 선두업체가 없는 가운데 구글의 '구글홈'을 비롯해 SK텔레콤의 '누구', KT의 '기가지니', 네이버 '클로바', 카카오의 '카카오미니'가 경쟁을 벌이고 있다.",2018-11-15 09:43:18,0,0,0,LunaStratos,LunaStratos
312,1062906213065609216,블루투스 하이브리드 스피커! 하이브리드니까! 이름은 기가지니처럼 하이제니,2018-11-15 03:12:43,0,0,1,당신을 너무 사랑하고 있습니다,nomorellove
313,1061273773628768257,TV 스피커 출력이 기가지니보다 세서 TV 스피커 출력으로 바꿨다....,2018-11-10 15:05:59,0,0,0,카자미군@Work,Kazamigoon
314,1061163772918693888,"카카오 미니, 웨이브, 클로바 프랜즈, 누구, 기가지니 etc...
'음성 인식 스피커'로는 최종의 승부를 볼 수 없다. 결국...인공지능 플랫폼이 승부를 좌우한다. 이 말에는 내가 책임 질 수 있다. 500건다.",2018-11-10 07:48:53,0,0,0,최재홍,smartphone_choi
315,1060813252429438976,아 기가지니까지는 아니고 그냥 인공지능 스피커 정도예요. ㅋㅋㅋㅋㅋㅋ 네이버 클로바 스피커랑 비슷하지만 얘는 카카오랑 멜론과 연동되어 있어요 ㅋㅋㅋㅋㅋ,2018-11-09 08:36:02,0,1,0,시랑,SaySirang
316,1060385576937938944,인공지능 스피커 있으면 뭐가 좋지 기가지니 뭉게 그만 짖으라해,2018-11-08 04:16:37,0,3,0,뎍며,d0y9a2c7t
317,1059094246131556352,내 탐라 내 댕글 찐뷘 규리 사랑해 기가지니 부를 땐 목소리 한 톤 높여서 불러야 대답 잘 하고 또 뭐 잇지? 스피커 꼭 써봐 진짜 개좋아;;,2018-11-04 14:45:19,0,0,0,댕글,nunajarhey
318,1056202426233962496,"기가지니~  유투브 노래방 *** 검색해줘
를 실행한후 스피커 마이크 에코 빵빵하게 틀어주면 코인 노래방 못지 않다.
는 걸 친정에 알려줬다가 5시간째 노래방플하느라 아직도 집에  못가고 있다.",2018-10-27 15:14:16,0,1,0,우주인,_lightyear
319,1055709272028340224,인공지능스피커 활용! 홈스쿨 가능한 KT 기가지니 세이펜 AI 학습 후기 (출처 : 완소남 테.. | 블로그) http://m.blog.naver.com/minchullive/221385529013 …,2018-10-26 06:34:39,0,0,0,완소남,sweetinside
320,1055705866534416385,인공지능스피커 활용! 홈스쿨 가능한 KT 기가지니 세이펜 AI 학습 후기 (출처 : 완소남 테.. | https://blog.naver.com/minchullive/221385529013 … 블로그) http://naver.me/FJ2I9guM ,2018-10-26 06:21:07,0,0,0,완소남,sweetinside
321,1054652546466275329,"[메이커스] 내맘대로 AI스피커 (1편 - 개봉/조립해보기)
http://blog.naver.com/elepartsblog/221373367899 …
[메이커스] 내맘대로 AI스피커 (2편 - KT기가지니 가입 및 이용신청하기)
http://blog.naver.com/elepartsblog/221375975599 …
[메이커스] 내맘대로 AI스피커 (3편 - 라즈베리파이 세팅 및 예제 프로그램 실행)
http://blog.naver.com/elepartsblog/221383360170 …",2018-10-23 08:35:36,2,2,0,엘레파츠,eleparts
322,992702399583174656,"부산 해운대구, 마을버스 노선 등 공공와이파이 확대 구축 (출처 : 뉴스1 | 네이버 뉴스) http://naver.me/FfpSPO23  (공공와이파이와 클로바카카오미니티누구티누구미니기가지니스피커유플클로바프렌즈프렌즈폰프렌즈웨어러블키즈폰까지 유유~ 200kbps 400kbps 싫어용)",2018-05-05 09:47:50,0,0,0,정치팟캐중독자,hyuncaster
323,992176506741772288,KT는 집이나 사무실에 있는 자사(自社) 인공지능(AI) 스피커 ´기가지니´를 통해 사용자가 음성 명령만으로 자동차 시동을 걸거나 미리 차내 히터나 에어컨을 켤 수 있는 원격 서비.. http://biz.chosun.com/site/data/html_dir/2018/05/03/2018050303715.html?outlink=twitter …,2018-05-03 22:58:07,0,0,0,크레 아이즈,eyes_data
324,991918515257950209,"국내 음성 인식 비서 서비스, 스마트 스피커 벤치마크 기사 좀 있으면 좋을텐데 못본듯

SK텔레콤 - NUGU
네이버 - 웨이브, 프렌즈
카카오 - 카카오미니
KT - 기가지니",2018-05-03 05:52:57,0,0,0,lunamoth,lunamoth
325,991837828983095296,"이번에 인터넷 바꾸면서 기가지니 스피커? 들여놨는데 나랑 동생이 서로 자주하는짓 (상대가 TV를 보고있음) ""지니야~(네) TV꺼~(방으로 튐)""",2018-05-03 00:32:20,0,0,0,[인공눈물]몽님[ 🐣 🍓],Moongnim
326,989380820409430016,"KT, 인공지능 서비스 개발 공모전 개최: KT가 인공지능(AI) 서비스 개발 공모전을 연다. 자사의 AI 스피커 ‘기가지니’의 신규 서비스 개발을 주제로 한다… https://goo.gl/fb/4h6Yj5 ",2018-04-26 05:49:04,0,0,0,RSS,dwpark81_rss
327,987262400700211203,이거슨... 무슨 기가지니 카카오스피커 그런 거 처럼 생겼네요..... 차라리 예쁜 건 별봉이 예쁜 듯합니다....,2018-04-20 09:31:13,0,0,0,흐느흐 🐹.,_max9096
328,986970859813322752,아무 것도 안 해도 11기가를 혼자 쓰는 라우터형 스피커 기가지니 LTE http://d0u0p.tistory.com/130 ,2018-04-19 14:12:44,0,0,0,OraFelice,d0u0p
329,985753701678641153,"KT, 기가지니에서 ‘야나두 영어서비스’ 출시 http://www.zdnet.co.kr/news/news_view.asp?artice_id=20180410090541 … AI스피커에 맞는 좋은 컨텐츠 같음.",2018-04-16 05:36:11,0,0,0,천경섭,dotcomkr
330,984341928547405824,KT LTE에그 10만원상당 소니정품스피커 포함 7종사은품 / 기가지니LTE 비트온정품 3종증정 /무민키즈폰출시 현금완납8만원 / 어베인2 마지막물량현완 7만원/ 와이파이공유기 휴대용와이파이 https://goo.gl/fb/KNRhkT ,2018-04-12 08:06:18,0,0,0,박칠석,x7v
331,984284200701317120,"앗 저는 그 프로모션으로 ai스피커(기가지니)를 들였읍니다. 모닝브리핑이랑 뉴스브리핑, 티비 켜고 끄는걸 젤 많이 쓰게 되더라구요.",2018-04-12 04:16:55,0,0,1,자수정,00amethyst00
332,984020856459407367,"인공지능 스피커 'KT 기가지니2' 기능,이용요금,스펙 알아볼게요 http://dlvr.it/QP8tlF pic.twitter.com/zwmKfDCfra",2018-04-11 10:50:29,0,0,0,Yeonsik Jo,Jubilii
333,984019960610676736,"[ #Tistory ]인공지능 스피커 'KT 기가지니2' 기능,이용요금,스펙 알아볼게요 http://barnabas40.tistory.com/2573 ",2018-04-11 10:46:55,0,0,0,Yeonsik Jo,Jubilii
334,983280568195399688,KT LTE에그 10만원상당 소니정품스피커 포함 7종사은품 / 기가지니LTE 비트온정품 3종증정 /무민키즈폰출시 현금완납8만원 / 어베인2 마지막물량현완 7만원/ 와이파이공유기 휴대용와이파이 https://goo.gl/fb/rVztiS ,2018-04-09 09:48:50,0,0,0,박칠석,x7v
335,980721424791846912,하만카돈스피커 기가지니2 (GiGa Genie2) 똑똑해요!!  http://blog.naver.com/mhhan71/221243234091 …,2018-04-02 08:19:43,0,0,0,비운마음,mhhan71
336,980344055740563456,기가지니 2 하루 써 본 바로는 만족스럽다. 티비 사운드보다 입체적이고. 올레티비 사용중이라 월 1100원 더 낸다. 거실용 블루투스 스피커로 괜찮다. 보스 사링미는 침대 머리맡으로 이동.,2018-04-01 07:20:11,0,0,1,Porcelina,DrivenClear_00
337,980053996323815429,"인공지능 스피커, KT 기가지니2 후기 http://mobano.net/2468 ",2018-03-31 12:07:35,0,0,0,모바노,mobano_net
338,979564731412267008,기가지니 스피커 음질이 생각보다 훨씬 좋다..? 블투로 번점 왈츠 틀어두니까 개오져,2018-03-30 03:43:26,0,0,0,제이,J__0812
339,979538065873018881,블루투스 스피커 하나 더 살까 하다가 급선회해서 기가지니2를 신청했는데 후회하게 될까...,2018-03-30 01:57:28,0,0,0,Porcelina,DrivenClear_00
340,979268999149170688,"@YouTube 동영상 http://youtu.be/vJ_LC4PgnMo?a  라인 클로버 VS 기가지니 LTE, 인공지능 필요없고, 스피커로 쓴다면?!",2018-03-29 08:08:17,0,0,0,정원진,Tr3Ah
341,992702399583174656,"부산 해운대구, 마을버스 노선 등 공공와이파이 확대 구축 (출처 : 뉴스1 | 네이버 뉴스) http://naver.me/FfpSPO23  (공공와이파이와 클로바카카오미니티누구티누구미니기가지니스피커유플클로바프렌즈프렌즈폰프렌즈웨어러블키즈폰까지 유유~ 200kbps 400kbps 싫어용)",2018-05-05 09:47:50,0,0,0,정치팟캐중독자,hyuncaster
342,992176506741772288,KT는 집이나 사무실에 있는 자사(自社) 인공지능(AI) 스피커 ´기가지니´를 통해 사용자가 음성 명령만으로 자동차 시동을 걸거나 미리 차내 히터나 에어컨을 켤 수 있는 원격 서비.. http://biz.chosun.com/site/data/html_dir/2018/05/03/2018050303715.html?outlink=twitter …,2018-05-03 22:58:07,0,0,0,크레 아이즈,eyes_data
343,991918515257950209,"국내 음성 인식 비서 서비스, 스마트 스피커 벤치마크 기사 좀 있으면 좋을텐데 못본듯

SK텔레콤 - NUGU
네이버 - 웨이브, 프렌즈
카카오 - 카카오미니
KT - 기가지니",2018-05-03 05:52:57,0,0,0,lunamoth,lunamoth
344,991837828983095296,"이번에 인터넷 바꾸면서 기가지니 스피커? 들여놨는데 나랑 동생이 서로 자주하는짓 (상대가 TV를 보고있음) ""지니야~(네) TV꺼~(방으로 튐)""",2018-05-03 00:32:20,0,0,0,[인공눈물]몽님[ 🐣 🍓],Moongnim
345,989380820409430016,"KT, 인공지능 서비스 개발 공모전 개최: KT가 인공지능(AI) 서비스 개발 공모전을 연다. 자사의 AI 스피커 ‘기가지니’의 신규 서비스 개발을 주제로 한다… https://goo.gl/fb/4h6Yj5 ",2018-04-26 05:49:04,0,0,0,RSS,dwpark81_rss
346,987262400700211203,이거슨... 무슨 기가지니 카카오스피커 그런 거 처럼 생겼네요..... 차라리 예쁜 건 별봉이 예쁜 듯합니다....,2018-04-20 09:31:13,0,0,0,흐느흐 🐹.,_max9096
347,986970859813322752,아무 것도 안 해도 11기가를 혼자 쓰는 라우터형 스피커 기가지니 LTE http://d0u0p.tistory.com/130 ,2018-04-19 14:12:44,0,0,0,OraFelice,d0u0p
348,985753701678641153,"KT, 기가지니에서 ‘야나두 영어서비스’ 출시 http://www.zdnet.co.kr/news/news_view.asp?artice_id=20180410090541 … AI스피커에 맞는 좋은 컨텐츠 같음.",2018-04-16 05:36:11,0,0,0,천경섭,dotcomkr
349,984341928547405824,KT LTE에그 10만원상당 소니정품스피커 포함 7종사은품 / 기가지니LTE 비트온정품 3종증정 /무민키즈폰출시 현금완납8만원 / 어베인2 마지막물량현완 7만원/ 와이파이공유기 휴대용와이파이 https://goo.gl/fb/KNRhkT ,2018-04-12 08:06:18,0,0,0,박칠석,x7v
350,984284200701317120,"앗 저는 그 프로모션으로 ai스피커(기가지니)를 들였읍니다. 모닝브리핑이랑 뉴스브리핑, 티비 켜고 끄는걸 젤 많이 쓰게 되더라구요.",2018-04-12 04:16:55,0,0,1,자수정,00amethyst00
351,984020856459407367,"인공지능 스피커 'KT 기가지니2' 기능,이용요금,스펙 알아볼게요 http://dlvr.it/QP8tlF pic.twitter.com/zwmKfDCfra",2018-04-11 10:50:29,0,0,0,Yeonsik Jo,Jubilii
352,984019960610676736,"[ #Tistory ]인공지능 스피커 'KT 기가지니2' 기능,이용요금,스펙 알아볼게요 http://barnabas40.tistory.com/2573 ",2018-04-11 10:46:55,0,0,0,Yeonsik Jo,Jubilii
353,983280568195399688,KT LTE에그 10만원상당 소니정품스피커 포함 7종사은품 / 기가지니LTE 비트온정품 3종증정 /무민키즈폰출시 현금완납8만원 / 어베인2 마지막물량현완 7만원/ 와이파이공유기 휴대용와이파이 https://goo.gl/fb/rVztiS ,2018-04-09 09:48:50,0,0,0,박칠석,x7v
354,980721424791846912,하만카돈스피커 기가지니2 (GiGa Genie2) 똑똑해요!!  http://blog.naver.com/mhhan71/221243234091 …,2018-04-02 08:19:43,0,0,0,비운마음,mhhan71
355,980344055740563456,기가지니 2 하루 써 본 바로는 만족스럽다. 티비 사운드보다 입체적이고. 올레티비 사용중이라 월 1100원 더 낸다. 거실용 블루투스 스피커로 괜찮다. 보스 사링미는 침대 머리맡으로 이동.,2018-04-01 07:20:11,0,0,1,Porcelina,DrivenClear_00
356,980053996323815429,"인공지능 스피커, KT 기가지니2 후기 http://mobano.net/2468 ",2018-03-31 12:07:35,0,0,0,모바노,mobano_net
357,979564731412267008,기가지니 스피커 음질이 생각보다 훨씬 좋다..? 블투로 번점 왈츠 틀어두니까 개오져,2018-03-30 03:43:26,0,0,0,제이,J__0812
358,979538065873018881,블루투스 스피커 하나 더 살까 하다가 급선회해서 기가지니2를 신청했는데 후회하게 될까...,2018-03-30 01:57:28,0,0,0,Porcelina,DrivenClear_00
359,979268999149170688,"@YouTube 동영상 http://youtu.be/vJ_LC4PgnMo?a  라인 클로버 VS 기가지니 LTE, 인공지능 필요없고, 스피커로 쓴다면?!",2018-03-29 08:08:17,0,0,0,정원진,Tr3Ah
360,978878519504711680,http://khaiyang.com  -똑똑한 인공지능 스피커 KT 기가지니2 사용해보니 (후기) http://www.khaiyang.com/3697 ,2018-03-28 06:16:40,0,0,0,khai,khaiyang
361,978635044699934721,"@YouTube 동영상 http://youtu.be/vJ_LC4PgnMo?a  라인 클로버 VS 기가지니 LTE, 인공지능 필요없고, 스피커로 쓴다면?!",2018-03-27 14:09:11,0,0,0,박준형,pokinka
362,978604299235115008,야 기가지니 블루투스 스피커도 된당,2018-03-27 12:07:01,0,0,0, 💟 💟,01925____
363,1082502252927934465,기가지니로 스피커 틀어놨더니 애가 말이 너무 많어 배터리 5퍼남았다고 충전하래 시끄러이자식아,2019-01-08 05:00:23,0,4,0,김난 👑,124_orchid
364,1082478155783274496,집 구석에 쳐박혀있던 기가지니를 찾아내서 이제 이 스피커는 제것이 되었습니다 pic.twitter.com/K0CRs9Jgal,2019-01-08 03:24:38,0,10,0,김난 👑,124_orchid
365,1082117137295040512,[나는크리스천입니다 ]AI스피커 기가지니로 성경듣기 (오디오성경 서비스) http://echristian.tistory.com/527 ,2019-01-07 03:30:04,0,1,0,김민규,danielkyoo
366,1080848264432218113,"멍청하단게 어떤기준인지 그 동영상 링크 보내봐.

일단 구글이나 KT기가지니나 SK누구는 명확하게 그걸 원하는 특별한 이유가 없다면 배제하고 네이버나 카카오스피커 중에 선택하는게 나을거야.",2019-01-03 15:28:02,0,0,1,Kyusuk Lee,imazzo
367,1080321472126771200,KT의 '기가지니2'와 네이버의 '클로바 프렌즈' AI 스피커의 TV기능을 확인해보세요! https://www.facebook.com/AjuNewsCorporation/videos/375650373195917/ …,2019-01-02 04:34:45,0,0,0,아주경제,ajunews1
368,1080300275926130688,"기가지니 겁나 편해 ㅎㅎ
블루투스 스피커도 되고 티비도 되고~",2019-01-02 03:10:31,0,1,0,寒/COLD,kjmkjm7855
369,1079747118510727168,"가족끼리 대화하는데 폰 구글 말 참견하고 지랄이지, 기가지니 대화에 끼어들지, 네이버 클로바 스피커 말참견 하지. 아주 개짜증 남.",2018-12-31 14:32:28,28,95,15,윤갑희구세력,yoongaphee
370,1079265355367731200,기가지니요. 인공지능 스피커.,2018-12-30 06:38:07,0,0,1,남신Ⅲ,bot3__
371,1078978373001461760,아이폰 텐에스! 이번달까지 기가지니스피커랑 탭중에 하나 준다고 해서!ㅋㅋㅋㅋ그전에 쓰던거 다시 되팔기 하구..,2018-12-29 11:37:45,0,0,1,누리달열사흘,130613b
372,1078484356333633536,아침에 통화하는데 밖에 들릴까봐 소곤소곤 해야하는게 슬펐다... 나중에 독립해서 블루투스 스피커 연결해놓고 기가지니 부르듯 전화할거다,2018-12-28 02:54:42,0,2,0,숨니,suuumnee
373,1077871204575469568,"[데일리포스트] 우리카드, KT 인공지능(AI) 스피커 ‘기가지니’에 카드서비스 제공 https://www.thedailypost.kr/news/65311 pic.twitter.com/W8fTGKaCh5",2018-12-26 10:18:15,0,0,0,데일리포스트,0dailypost0
374,1077111650958917633,"KT, AI 스피커 기가지니 성경 서비스 출시 https://goo.gl/fb/xCywai ",2018-12-24 08:00:04,0,0,0,팍스경제TV,PaxeTV
375,1077026558160695296,"KT, AI 스피커 '기가지니' 성경 서비스 출시 http://www.bloter.net/archives/326913  @bloter_news 님이 공유",2018-12-24 02:21:56,0,0,0,허창원,cwheo_scrap
376,1077022023941947392,"우리카드, KT AI 스피커에 디지털 카드 서비스 제공...‘카드의정석 기가지니’ 개발

http://www.econovill.com/news/articleView.html?idxno=353291 …pic.twitter.com/F9p0fl3hMC",2018-12-24 02:03:55,0,0,0,이코노믹리뷰,erissue
377,1077008462201053184,"KT, AI 스피커 ‘기가지니’ 성경 서비스 출시: KT 인공지능(AI) 스피커 ‘기가지니’에 성경을 읽어주는 서비스가 추가됐다. KT는 12월24일 ‘기가지니… https://goo.gl/fb/i2NATk ",2018-12-24 01:10:01,0,0,0,RSS,dwpark81_rss
378,1077008431305744385,"KT, AI 스피커 ‘기가지니’ 성경 서비스 출시 http://www.bloter.net/archives/326913 ",2018-12-24 01:09:54,4,1,0,블로터,bloter_news
379,1076447192150241280,"집에 네이버 클로바, 카카오 미니, 기가지니 세개의 AI 스피커가 있는데 음성 인식률은 '카카오 미니'가 제일 좋은듯.",2018-12-22 11:59:44,0,0,0,Kent,kentmakesrain
380,1075263749760507904,"ㅋㅋ
ㅋㅋㅋㅋ
ㅋㅋ
ㅋㅋ
ㅋ
ㅋㅋ
ㅋㅋㅋㅋ
아무리 생각해도 인공지능 스피커 카카오 사길 잘 한거같다
우리엄마 기가지니한테 시달리고있엌ㅋㅋㅋㅋㅋㅋㅋㅋㅋㅋㅋ",2018-12-19 05:37:10,0,3,1,혜댜,hyedia_dong
381,1075246061961150464,"#기가지니2 스피커는 웃긴다. 나나 아내가 기가지니~ 하고 부르면 반응하는데, 4세 아이가 '기가지니!' 하고 부르면 대답이 없다. 그래서 퇴근하면 아이가 조르르 달려와서 '아빠! 기가지니한테 ***노래 틀어달라고 말해줘!' 한다. 혹시 아이 목소리에는 반응 안하는 건가?",2018-12-19 04:26:52,0,0,0,D.S.,overmind19
382,1075208020257234944,"AI스피커...
기가지니같은거..",2018-12-19 01:55:43,0,0,1,소자지 된RyuA,RyuA96
383,1082502252927934465,기가지니로 스피커 틀어놨더니 애가 말이 너무 많어 배터리 5퍼남았다고 충전하래 시끄러이자식아,2019-01-08 05:00:23,0,4,0,김난 👑,124_orchid
384,1082478155783274496,집 구석에 쳐박혀있던 기가지니를 찾아내서 이제 이 스피커는 제것이 되었습니다 pic.twitter.com/K0CRs9Jgal,2019-01-08 03:24:38,0,10,0,김난 👑,124_orchid
385,1082117137295040512,[나는크리스천입니다 ]AI스피커 기가지니로 성경듣기 (오디오성경 서비스) http://echristian.tistory.com/527 ,2019-01-07 03:30:04,0,1,0,김민규,danielkyoo
386,1080848264432218113,"멍청하단게 어떤기준인지 그 동영상 링크 보내봐.

일단 구글이나 KT기가지니나 SK누구는 명확하게 그걸 원하는 특별한 이유가 없다면 배제하고 네이버나 카카오스피커 중에 선택하는게 나을거야.",2019-01-03 15:28:02,0,0,1,Kyusuk Lee,imazzo
387,1080321472126771200,KT의 '기가지니2'와 네이버의 '클로바 프렌즈' AI 스피커의 TV기능을 확인해보세요! https://www.facebook.com/AjuNewsCorporation/videos/375650373195917/ …,2019-01-02 04:34:45,0,0,0,아주경제,ajunews1
388,1080300275926130688,"기가지니 겁나 편해 ㅎㅎ
블루투스 스피커도 되고 티비도 되고~",2019-01-02 03:10:31,0,1,0,寒/COLD,kjmkjm7855
389,1079747118510727168,"가족끼리 대화하는데 폰 구글 말 참견하고 지랄이지, 기가지니 대화에 끼어들지, 네이버 클로바 스피커 말참견 하지. 아주 개짜증 남.",2018-12-31 14:32:28,28,95,15,윤갑희구세력,yoongaphee
390,1079265355367731200,기가지니요. 인공지능 스피커.,2018-12-30 06:38:07,0,0,1,남신Ⅲ,bot3__
391,1078978373001461760,아이폰 텐에스! 이번달까지 기가지니스피커랑 탭중에 하나 준다고 해서!ㅋㅋㅋㅋ그전에 쓰던거 다시 되팔기 하구..,2018-12-29 11:37:45,0,0,1,누리달열사흘,130613b
392,1078484356333633536,아침에 통화하는데 밖에 들릴까봐 소곤소곤 해야하는게 슬펐다... 나중에 독립해서 블루투스 스피커 연결해놓고 기가지니 부르듯 전화할거다,2018-12-28 02:54:42,0,2,0,숨니,suuumnee
393,1077871204575469568,"[데일리포스트] 우리카드, KT 인공지능(AI) 스피커 ‘기가지니’에 카드서비스 제공 https://www.thedailypost.kr/news/65311 pic.twitter.com/W8fTGKaCh5",2018-12-26 10:18:15,0,0,0,데일리포스트,0dailypost0
394,1077111650958917633,"KT, AI 스피커 기가지니 성경 서비스 출시 https://goo.gl/fb/xCywai ",2018-12-24 08:00:04,0,0,0,팍스경제TV,PaxeTV
395,1077026558160695296,"KT, AI 스피커 '기가지니' 성경 서비스 출시 http://www.bloter.net/archives/326913  @bloter_news 님이 공유",2018-12-24 02:21:56,0,0,0,허창원,cwheo_scrap
396,1077022023941947392,"우리카드, KT AI 스피커에 디지털 카드 서비스 제공...‘카드의정석 기가지니’ 개발

http://www.econovill.com/news/articleView.html?idxno=353291 …pic.twitter.com/F9p0fl3hMC",2018-12-24 02:03:55,0,0,0,이코노믹리뷰,erissue
397,1077008462201053184,"KT, AI 스피커 ‘기가지니’ 성경 서비스 출시: KT 인공지능(AI) 스피커 ‘기가지니’에 성경을 읽어주는 서비스가 추가됐다. KT는 12월24일 ‘기가지니… https://goo.gl/fb/i2NATk ",2018-12-24 01:10:01,0,0,0,RSS,dwpark81_rss
398,1077008431305744385,"KT, AI 스피커 ‘기가지니’ 성경 서비스 출시 http://www.bloter.net/archives/326913 ",2018-12-24 01:09:54,4,1,0,블로터,bloter_news
399,1076447192150241280,"집에 네이버 클로바, 카카오 미니, 기가지니 세개의 AI 스피커가 있는데 음성 인식률은 '카카오 미니'가 제일 좋은듯.",2018-12-22 11:59:44,0,0,0,Kent,kentmakesrain
400,1075263749760507904,"ㅋㅋ
ㅋㅋㅋㅋ
ㅋㅋ
ㅋㅋ
ㅋ
ㅋㅋ
ㅋㅋㅋㅋ
아무리 생각해도 인공지능 스피커 카카오 사길 잘 한거같다
우리엄마 기가지니한테 시달리고있엌ㅋㅋㅋㅋㅋㅋㅋㅋㅋㅋㅋ",2018-12-19 05:37:10,0,3,1,혜댜,hyedia_dong
401,1075246061961150464,"#기가지니2 스피커는 웃긴다. 나나 아내가 기가지니~ 하고 부르면 반응하는데, 4세 아이가 '기가지니!' 하고 부르면 대답이 없다. 그래서 퇴근하면 아이가 조르르 달려와서 '아빠! 기가지니한테 ***노래 틀어달라고 말해줘!' 한다. 혹시 아이 목소리에는 반응 안하는 건가?",2018-12-19 04:26:52,0,0,0,D.S.,overmind19
402,1075208020257234944,"AI스피커...
기가지니같은거..",2018-12-19 01:55:43,0,0,1,소자지 된RyuA,RyuA96
403,1074861315980546048,리모콘 젤 마지막꺼가 맞긴한데... 기가지니로 바꾼거?? 스피커되는걸루??,2018-12-18 02:58:02,0,0,1,에놋두배 - 이진이아빠,ENOZx2
404,963061777914216448,"기가지니의 좋은 스피커로 별을 들으니...
이 얼마나 행복한가...ㅠㅠㅠ

#기가지니 #지니야 #양요섭별틀어줘
#양요섭 #솔로 #별 #양요섭솔로2집pic.twitter.com/lnayVX9mmD",2018-02-12 14:46:35,0,0,0,요요는섭섭해(요요),yoyo_seop2hae
405,962548959435608064,"안녕하세요 제가 오늘 가져온 것은
KT의 기가지니 LTE입니다.
기본적으로 이 씹새끼는 ... 아 
이 기기는 하만/카돈 인증 스피커에 인공지능 기능을 넣고, 거기에 LTE(라우터)기능을 추가한 괴물입니다. pic.twitter.com/VY9bKKdVVG",2018-02-11 04:48:49,0,0,1,에리카,____sinnerika
406,961936843712311296,"'기가지니2' 변경 시점부터 임대료가 5년 동안 부과됩니다. 아울러, '기가지니2'는 가전제품 음성 제어 기능을 강화하였으며, 프리미엄 하만카돈 스피커로 20W(Woofer+Tweeter) 출력의 풍성한 고품질 사운드를 (계속)",2018-02-09 12:16:30,0,0,0,KT_CS,kt_cs
407,961911518005620737,기가지니를 설치했는데 블투스피커로 잘 쓰고 있는.. 시리도 부르기 민망할때가 많은데 기가지니는 이름도 네글자나 되잖아..부끄러워,2018-02-09 10:35:52,0,1,0,나는이제@sommniumm,rojo__606
408,961083169318494208,"https://teraspeed.co.kr/bbs/surl.php/info/57 … : 인공지능스피커 LG유플러스 AI, SK 누구미니, KT 기가지니 를 소개합니다!!",2018-02-07 03:44:18,0,0,0,테라스피드 인터넷,terainternet7
409,960473720853749760,"업그레이드된 2세대 기가지니2 출시, 하만카돈 스피커 탑재 (출처 : 컴돌이의 .. | https://blog.naver.com/9250rla/221201840324 … 블로그) http://naver.me/xFjHwBTj ",2018-02-05 11:22:34,0,0,0,컴퓨터수리 컴수리존,audckd76
410,960351415167172608,"기가지니lte(264,000원&gt;0원+비트온정품3종 증정)/LTE에그최대8개월요금면제/어베인2""현완7만""/라인키즈폰2""할부금0원""/20만원상당소니스피커증정 https://goo.gl/fb/qbNirr ",2018-02-05 03:16:34,0,0,0,박칠석,x7v
411,960152590037147648,"KT, 기가지니2 AI스피커 출시 https://www.0db.co.kr/xe/NEWS/206134 ",2018-02-04 14:06:30,0,0,0,영디비,0dibi
412,960063272299806720,"기가지니lte(264,000원&gt;0원+삼성레벨유프로 증정)/LTE에그최대8개월요금면제/어베인2""현완7만""/라인키즈폰2""할부금0원""/20만원상당소니스피커증정 https://goo.gl/fb/2eExpi ",2018-02-04 08:11:35,0,0,0,박칠석,x7v
413,959941000234848256,"기가지니2 출시, 음성인식 및 음성제어 기술 고도화로 AI 생태계 확대

‘하만카돈’ 스피커 탑재, ‘IR블래스터(적외선 송신기)’로 홈 IoT강화
http://www.aitimes.kr/news/articleView.html?idxno=11304 …pic.twitter.com/aU649ii4Lf",2018-02-04 00:05:43,0,0,0,인공지능신문/AI TIMES,AITIMES1
414,959428983543623681,오빠가 요즘 유행하는? 기가지니 스피커사와서 아빠가 아까부터 기가지니 오백번 부르고계심,2018-02-02 14:11:09,0,1,0,mu 🌸,mumuir0315
415,959395367904317440,"기가지니lte(264,000원&gt;0원+삼성레벨유프로 증정)/LTE에그최대8개월요금면제/어베인2""현완7만""/라인키즈폰2""할부금0원""/20만원상당소니스피커증정 https://goo.gl/fb/qPHm47 ",2018-02-02 11:57:35,0,0,0,박칠석,x7v
416,959345920130269184,[AI스피커 4자대담 3부] 방탄소년단을 아십니까? 누구(SK)-기가지니(KT)-프렌즈(네이버)-카카오미니(카카오) 참석 http://bit.ly/2DYODoI pic.twitter.com/vEx4Kqe1hD,2018-02-02 08:41:05,0,0,0,더피알,ThePRnews
417,959290282477961218,기존 KT샛톱박스가 구형이라 4K를 지원하지 않아서 생각난김에 기가지니로 교체했더니 셋톱박스가 왔는데...스피커가… https://www.instagram.com/p/BerokhClQMCdA80T-KJwUSW7CkMkAF1ukPP-NY0/ …,2018-02-02 05:00:00,0,0,0,BRAVE,bravepark
418,958269321909821445,"기가지니lte(264,000원&gt;0원+삼성레벨유프로 증정)/LTE에그최대8개월요금면제/어베인2""현완7만""/라인키즈폰2""할부금0원""/20만원상당소니스피커증정 https://goo.gl/fb/2Gu5Wi ",2018-01-30 09:23:04,0,0,0,박칠석,x7v
419,958159224084750336,"기가지니에 내 USB 연결하고
""USB 음악 틀어줘"" 라고 하니까
밑에서 빛이 들어오면서 USB에 있는 설레임 노래를 틀어주네

하만카돈 스피커라 그런지 음질도 좋고 pic.twitter.com/v4MZ1BuY0R",2018-01-30 02:05:35,0,5,0,뱀눈이,smrt1505
420,958153960342171649,"인공지능 대중화를 목표로 하는 'KT'
인공지능 스피커 '기가지니 버디' 출시

[오늘의 지식재산권]
https://www.designmap.or.kr:10443/tp/TpInfoBFrM.jsp?d=2066 … http://bit.ly/2DZ8FPq ",2018-01-30 01:44:40,0,0,0,designmap,KipoDesignmap
421,958153901525557248,[AI스피커 4자대담 1부] 4차 산업혁명이 무엇입니까? http://bit.ly/2DLlmhr  #카카오미니 #누구 #기가지니 #프렌즈pic.twitter.com/xCMxRgZFBs,2018-01-30 01:44:26,0,0,0,더피알,ThePRnews
422,957874387641913344,"기가지니lte(264,000원&gt;0원+삼성레벨유프로 증정)/LTE에그최대8개월요금면제/어베인2""현완7만""/라인키즈폰2""할부금0원""/20만원상당소니스피커증정 https://goo.gl/fb/egWW82 ",2018-01-29 07:13:45,0,0,0,박칠석,x7v
423,956790521049034752,"기가지니lte(264,000원&gt;0원+삼성레벨유프로 증정)/LTE에그최대8개월요금면제/어베인2""현완7만""/라인키즈폰2""할부금0원""/20만원상당소니스피커증정 https://goo.gl/fb/5LxTVN ",2018-01-26 07:26:51,0,0,0,박칠석,x7v
424,963061777914216448,"기가지니의 좋은 스피커로 별을 들으니...
이 얼마나 행복한가...ㅠㅠㅠ

#기가지니 #지니야 #양요섭별틀어줘
#양요섭 #솔로 #별 #양요섭솔로2집pic.twitter.com/lnayVX9mmD",2018-02-12 14:46:35,0,0,0,요요는섭섭해(요요),yoyo_seop2hae
425,962548959435608064,"안녕하세요 제가 오늘 가져온 것은
KT의 기가지니 LTE입니다.
기본적으로 이 씹새끼는 ... 아 
이 기기는 하만/카돈 인증 스피커에 인공지능 기능을 넣고, 거기에 LTE(라우터)기능을 추가한 괴물입니다. pic.twitter.com/VY9bKKdVVG",2018-02-11 04:48:49,0,0,1,에리카,____sinnerika
426,961936843712311296,"'기가지니2' 변경 시점부터 임대료가 5년 동안 부과됩니다. 아울러, '기가지니2'는 가전제품 음성 제어 기능을 강화하였으며, 프리미엄 하만카돈 스피커로 20W(Woofer+Tweeter) 출력의 풍성한 고품질 사운드를 (계속)",2018-02-09 12:16:30,0,0,0,KT_CS,kt_cs
427,961911518005620737,기가지니를 설치했는데 블투스피커로 잘 쓰고 있는.. 시리도 부르기 민망할때가 많은데 기가지니는 이름도 네글자나 되잖아..부끄러워,2018-02-09 10:35:52,0,1,0,나는이제@sommniumm,rojo__606
428,961083169318494208,"https://teraspeed.co.kr/bbs/surl.php/info/57 … : 인공지능스피커 LG유플러스 AI, SK 누구미니, KT 기가지니 를 소개합니다!!",2018-02-07 03:44:18,0,0,0,테라스피드 인터넷,terainternet7
429,960473720853749760,"업그레이드된 2세대 기가지니2 출시, 하만카돈 스피커 탑재 (출처 : 컴돌이의 .. | https://blog.naver.com/9250rla/221201840324 … 블로그) http://naver.me/xFjHwBTj ",2018-02-05 11:22:34,0,0,0,컴퓨터수리 컴수리존,audckd76
430,960351415167172608,"기가지니lte(264,000원&gt;0원+비트온정품3종 증정)/LTE에그최대8개월요금면제/어베인2""현완7만""/라인키즈폰2""할부금0원""/20만원상당소니스피커증정 https://goo.gl/fb/qbNirr ",2018-02-05 03:16:34,0,0,0,박칠석,x7v
431,960152590037147648,"KT, 기가지니2 AI스피커 출시 https://www.0db.co.kr/xe/NEWS/206134 ",2018-02-04 14:06:30,0,0,0,영디비,0dibi
432,960063272299806720,"기가지니lte(264,000원&gt;0원+삼성레벨유프로 증정)/LTE에그최대8개월요금면제/어베인2""현완7만""/라인키즈폰2""할부금0원""/20만원상당소니스피커증정 https://goo.gl/fb/2eExpi ",2018-02-04 08:11:35,0,0,0,박칠석,x7v
433,959941000234848256,"기가지니2 출시, 음성인식 및 음성제어 기술 고도화로 AI 생태계 확대

‘하만카돈’ 스피커 탑재, ‘IR블래스터(적외선 송신기)’로 홈 IoT강화
http://www.aitimes.kr/news/articleView.html?idxno=11304 …pic.twitter.com/aU649ii4Lf",2018-02-04 00:05:43,0,0,0,인공지능신문/AI TIMES,AITIMES1
434,959428983543623681,오빠가 요즘 유행하는? 기가지니 스피커사와서 아빠가 아까부터 기가지니 오백번 부르고계심,2018-02-02 14:11:09,0,1,0,mu 🌸,mumuir0315
435,959395367904317440,"기가지니lte(264,000원&gt;0원+삼성레벨유프로 증정)/LTE에그최대8개월요금면제/어베인2""현완7만""/라인키즈폰2""할부금0원""/20만원상당소니스피커증정 https://goo.gl/fb/qPHm47 ",2018-02-02 11:57:35,0,0,0,박칠석,x7v
436,959345920130269184,[AI스피커 4자대담 3부] 방탄소년단을 아십니까? 누구(SK)-기가지니(KT)-프렌즈(네이버)-카카오미니(카카오) 참석 http://bit.ly/2DYODoI pic.twitter.com/vEx4Kqe1hD,2018-02-02 08:41:05,0,0,0,더피알,ThePRnews
437,959290282477961218,기존 KT샛톱박스가 구형이라 4K를 지원하지 않아서 생각난김에 기가지니로 교체했더니 셋톱박스가 왔는데...스피커가… https://www.instagram.com/p/BerokhClQMCdA80T-KJwUSW7CkMkAF1ukPP-NY0/ …,2018-02-02 05:00:00,0,0,0,BRAVE,bravepark
438,958269321909821445,"기가지니lte(264,000원&gt;0원+삼성레벨유프로 증정)/LTE에그최대8개월요금면제/어베인2""현완7만""/라인키즈폰2""할부금0원""/20만원상당소니스피커증정 https://goo.gl/fb/2Gu5Wi ",2018-01-30 09:23:04,0,0,0,박칠석,x7v
439,958159224084750336,"기가지니에 내 USB 연결하고
""USB 음악 틀어줘"" 라고 하니까
밑에서 빛이 들어오면서 USB에 있는 설레임 노래를 틀어주네

하만카돈 스피커라 그런지 음질도 좋고 pic.twitter.com/v4MZ1BuY0R",2018-01-30 02:05:35,0,5,0,뱀눈이,smrt1505
440,958153960342171649,"인공지능 대중화를 목표로 하는 'KT'
인공지능 스피커 '기가지니 버디' 출시

[오늘의 지식재산권]
https://www.designmap.or.kr:10443/tp/TpInfoBFrM.jsp?d=2066 … http://bit.ly/2DZ8FPq ",2018-01-30 01:44:40,0,0,0,designmap,KipoDesignmap
441,958153901525557248,[AI스피커 4자대담 1부] 4차 산업혁명이 무엇입니까? http://bit.ly/2DLlmhr  #카카오미니 #누구 #기가지니 #프렌즈pic.twitter.com/xCMxRgZFBs,2018-01-30 01:44:26,0,0,0,더피알,ThePRnews
442,957874387641913344,"기가지니lte(264,000원&gt;0원+삼성레벨유프로 증정)/LTE에그최대8개월요금면제/어베인2""현완7만""/라인키즈폰2""할부금0원""/20만원상당소니스피커증정 https://goo.gl/fb/egWW82 ",2018-01-29 07:13:45,0,0,0,박칠석,x7v
443,956790521049034752,"기가지니lte(264,000원&gt;0원+삼성레벨유프로 증정)/LTE에그최대8개월요금면제/어베인2""현완7만""/라인키즈폰2""할부금0원""/20만원상당소니스피커증정 https://goo.gl/fb/5LxTVN ",2018-01-26 07:26:51,0,0,0,박칠석,x7v
444,955644791529734144,"기가지니lte(264,000원&gt;0원+삼성레벨유프로 증정)/LTE에그최대8개월요금면제/어베인2""현완7만""/라인키즈폰2""할부금0원""/20만원상당소니스피커증정 https://goo.gl/fb/nJ8McY ",2018-01-23 03:34:07,0,0,0,박칠석,x7v
445,955345801986756610,KT LTE에그 8개월요금면제+기기값0원/20만원상당소니스피커증정/기가지니LTE 할부금0원이벤트 + 삼성레벨유프로증정/ 라인키즈폰2 할원0/LG어베인2 마지막물량 소니스피커증정/ 글로벌원에그 슬림에그 올… https://goo.gl/fb/5moRx5 ,2018-01-22 07:46:03,0,0,0,박칠석,x7v
446,955276733451612160,엄마가 기가지니 같은 요즘 유행하는 스피커를 갖고싶어해서 오빠가 어제 사왔는데 꿀잼임 부르고 시비털기(?),2018-01-22 03:11:36,0,1,0,mu 🌸,mumuir0315
447,954602843620724736,"기가지니lte(264,000원&gt;0원+삼성레벨유프로 증정)/LTE에그최대8개월요금면제/어베인2""현완7만""/라인키즈폰2""할부금0원""/20만원상당소니스피커증정/ https://goo.gl/fb/5hDkWH ",2018-01-20 06:33:48,0,0,0,박칠석,x7v
448,953240754322886657,KT LTE 에그 8개월요금면제 기기0원 / 소니20만스피커증정/ 기가지니LTE 삼성레벨유프로 / 라인키즈폰2 기기0원 / LG어베인2 현납 9만원 https://goo.gl/fb/oRW1wX ,2018-01-16 12:21:20,0,0,0,박칠석,x7v
449,951771003868217345,하만카돈 탑재한 인공지능스피커 기가지니 LTE http://eggbread.kr/221183841166 ,2018-01-12 11:01:05,0,0,0,eggbread,eggbread2
450,951623240312434688,"https://teraspeed.co.kr/bbs/surl.php/info/56 … : KT기가지니, SKB누구, LGU+ AI 인공지능스피커 공지.",2018-01-12 01:13:55,0,1,0,테라스피드 인터넷,terainternet7
451,950754407636918272,"인성지능 스피커 기가지니

끝말잇기 하자고 하면 이런식으로 날 바보로 만든다 pic.twitter.com/hywldQlAW7",2018-01-09 15:41:29,82,158,28,아도니스,adonis_ZH
452,950752468849147906,"인성지능 스피커 기가지니는 거짓말도 잘한다.

""기가지니 너 영어 할 줄 알아?""

""영어모드로 전환합니다""

""기가지니?""

""네""

????????????????",2018-01-09 15:33:47,42,123,4,아도니스,adonis_ZH
453,950750956307664896,"심심해서 집에 있는 인공지능 스피커 기가지니에게 ""기가지니! 끝말잇기 할래?""
했더니

""네, 좋아요. 저부터 할게요, 나트륨""

이 녀석 인성지능 스피커잖아?",2018-01-09 15:27:46,57,148,7,아도니스,adonis_ZH
454,950203834680430593,KT LTE 에그 8개월요금면제 기기0원 /소니20만스피커증정/배터리+파우치 추가증정/단독 에그모델 진행중 / 라인키즈폰2 할부원금 0원 / 기가지니lte https://goo.gl/fb/9rnPYn ,2018-01-08 03:13:42,0,0,0,박칠석,x7v
455,948454352703823872,"ai스피커 장점
클로바 : 네이버가 만듬, 생긴게 이쁘다.  

누구 : 선두주자라서 명령어가 많음.

기가지니 : 와이브로 겸용 셋톱박스 겸용이라 사양이 좋다.  

카카오 : 카카오가 만듬,  명령어 적음.",2018-01-03 07:21:53,0,0,1,금천구 소드 오프 Pnk,TimeinPnk
456,946009630756524032,"*KT에그 EGG+[8개월 사용료 무료!!]/기가지니 LTE 특가(에그+하만카돈스피커)*와이브로 전환[ 100기가+월5,500추가할인 ]**가입비/당일발송무료!/휴대폰 통신사 상관없이 사용가능 https://goo.gl/fb/Zx8aQY ",2017-12-27 13:27:26,0,0,0,박칠석,x7v
457,945952672426815489,"그 신기하긴 한데 노래 기가지니 어플로해서 트니깐 넘 구려요..,,, 그냥 스피커 달아서 쓰는게 더 조을듯 해요",2017-12-27 09:41:06,0,0,0,외노자살려,Hwa_0E
458,945620709920747521,우리집에 카카오미니라고 기가지니? 그런 ai 스피커 잇는데 걔부르려면 헤이 카카오 해야하는데 내가 노래 존나 너무 좋아서방애서 헤이카카오 막 울면서 떨면서 부르니가 엄마가 웨그러녜 밀안해요 노래가 졵나 종ㅎ아 ㅜㅜㅜ  지금까지 아무맣 대잔치 ㅜㅜㅜ엿슴 ㅜㅜㅜ,2017-12-26 11:42:00,0,0,0,흥킁,Heung_keung0522
459,945574278807937024,"*KT에그 EGG+[8개월 사용료 무료!!]/기가지니 LTE 특가(에그+하만카돈스피커)*와이브로 전환[ 100기가+월5,500추가할인 ]**가입비/당일발송무료!/휴대폰 통신사 상관없이 사용가능 https://goo.gl/fb/jFpbJV ",2017-12-26 08:37:30,0,0,0,박칠석,x7v
460,945195518711525377,"*KT에그 EGG+[8개월 사용료 무료!!]/기가지니 LTE 특가(에그+하만카돈스피커)*와이브로 전환[ 100기가+월5,500추가할인 ]**가입비/당일발송무료!/휴대폰 통신사 상관없이 사용가능 https://goo.gl/fb/qgVA1S ",2017-12-25 07:32:27,0,0,0,박칠석,x7v
461,945177374391386114,기가지니 멍청하지만 스피커는 상당히 괜찮네,2017-12-25 06:20:21,0,0,0,루미논 카노네스~ ❄️,atLuminon
462,944750669243797505,"*KT에그 EGG+[8개월 사용료 무료!!]/기가지니 LTE 특가(에그+하만카돈스피커)*와이브로 전환[ 100기가+월5,500추가할인 ]**가입비/당일발송무료!/휴대폰 통신사 상관없이 사용가능 https://goo.gl/fb/EP7avn ",2017-12-24 02:04:46,0,0,0,박칠석,x7v
463,944010492326051842,"*KT에그 EGG+[8개월 사용료 무료!!]/기가지니 LTE 특가(에그+하만카돈스피커)*와이브로 전환[ 100기가+월5,500추가할인 ]**가입비/당일발송무료!/휴대폰 통신사 상관없이 사용가능 https://goo.gl/fb/xNKAJN ",2017-12-22 01:03:34,0,0,0,박칠석,x7v
464,943833147854278656,"*KT에그 EGG+[8개월11기가 무료!!]/기가지니 LTE(에그+하만카돈스피커)*와이브로 전환[ 100기가+월5,500추가할인 ]**가입비/당일발송무료!/휴대폰 통신사 상관없이 사용가능 https://goo.gl/fb/MSDshT ",2017-12-21 13:18:52,0,0,0,박칠석,x7v
465,943684665604562945,"[kt공식]기가지니LTE 5개월요금면제 / LTE에그 8개월면제 / 또는 15만원상당 소니블루투스스피커**와이브로 , 하이브리드 전환프로모션진행(위약금면제) 가입비면제/ 라인키즈폰2 12개월요금면제/ kt… https://goo.gl/fb/kmNir1 ",2017-12-21 03:28:51,0,0,0,박칠석,x7v
466,943635344477556736,"*KT에그 EGG+[8개월 사용료 무료!!]/기가지니 LTE 특가(에그+하만카돈스피커)*와이브로 전환[ 100기가+월5,500추가할인 ]**가입비/당일발송무료!/휴대폰 통신사 상관없이 사용가능 https://goo.gl/fb/CdN2vn ",2017-12-21 00:12:52,0,0,0,박칠석,x7v
467,943396927059750912,"*KT에그 EGG+[7개월11기가 무료!!]/기가지니 LTE(에그+하만카돈스피커)*와이브로 전환[ 100기가+월5,500추가할인 ]**가입비/당일발송무료!/휴대폰 통신사 상관없이 사용가능 https://goo.gl/fb/qXYsHi ",2017-12-20 08:25:29,0,0,0,박칠석,x7v
468,943360077469188096,"*KT에그 EGG+[7개월11기가 무료!!]/기가지니 LTE(에그+하만카돈스피커)*와이브로 전환[ 100기가+월5,500추가할인 ]**가입비/당일발송무료!/휴대폰 통신사 상관없이 사용가능 https://goo.gl/fb/jEP4R8 ",2017-12-20 05:59:03,0,0,0,박칠석,x7v
469,943134504687996932,"*KT에그 EGG+[7개월11기가 무료!!]/기가지니 LTE(에그+하만카돈스피커)*와이브로 전환[ 100기가+월5,500추가할인 ]**가입비/당일발송무료!/휴대폰 통신사 상관없이 사용가능 https://goo.gl/fb/67NhCn ",2017-12-19 15:02:43,0,0,0,박칠석,x7v
470,943121699041619969,기가지니#새로운토이#신기방기#스피커두 팡팡#애그로두 사용 한달11기가#다양한기능 공부공부 https://www.instagram.com/p/Bc4vybiDsOO/ ,2017-12-19 14:11:50,0,0,0,hyun suek. kim,kimhyumsuek
471,943024639797792768,"*KT에그 EGG+[7개월11기가 무료!!]/기가지니 LTE(에그+하만카돈스피커)*와이브로 전환[ 100기가+월5,500추가할인 ]**가입비/당일발송무료!/휴대폰 통신사 상관없이 사용가능 https://goo.gl/fb/hgdoHS ",2017-12-19 07:46:09,0,0,0,박칠석,x7v
472,942367102203199494,"*KT에그 EGG+[ 7개월 11기가 무료!! ]/기가지니 LTE(에그+하만카돈스피커)0원!! *와이브로 전환[ 100기가+월5,500추가할인 ]**가입비/당일발송무료!/휴대폰 통신사 상관없이 사용가능 https://goo.gl/fb/8E1r7r ",2017-12-17 12:13:20,0,0,0,박칠석,x7v
473,942209898766651392,"*KT에그 EGG+[ 7개월 11기가 무료!! ]/기가지니 LTE(에그+하만카돈스피커)0원!! *와이브로 전환[ 100기가+월5,500추가할인 ]**가입비/당일발송무료!/휴대폰 통신사 상관없이 사용가능 https://goo.gl/fb/G6nHJQ ",2017-12-17 01:48:39,0,0,0,박칠석,x7v
474,940811599337619456,"[ 바람나그네 ] 기가지니 LTE, AI스피커. 특별한 그 무언가를 찾아보자 http://fmpenter.com/3748 ",2017-12-13 05:12:19,2,2,0,김영삼(대중문화평론가),fmpenter
475,939631289358884864,기가지니 LTE 하만카돈 품은 인공지능 스피커 http://blingyue.com/221159360599 ,2017-12-09 23:02:11,0,0,0,블링유에,blingyue
476,946009630756524032,"*KT에그 EGG+[8개월 사용료 무료!!]/기가지니 LTE 특가(에그+하만카돈스피커)*와이브로 전환[ 100기가+월5,500추가할인 ]**가입비/당일발송무료!/휴대폰 통신사 상관없이 사용가능 https://goo.gl/fb/Zx8aQY ",2017-12-27 13:27:26,0,0,0,박칠석,x7v
477,945952672426815489,"그 신기하긴 한데 노래 기가지니 어플로해서 트니깐 넘 구려요..,,, 그냥 스피커 달아서 쓰는게 더 조을듯 해요",2017-12-27 09:41:06,0,0,0,외노자살려,Hwa_0E
478,945620709920747521,우리집에 카카오미니라고 기가지니? 그런 ai 스피커 잇는데 걔부르려면 헤이 카카오 해야하는데 내가 노래 존나 너무 좋아서방애서 헤이카카오 막 울면서 떨면서 부르니가 엄마가 웨그러녜 밀안해요 노래가 졵나 종ㅎ아 ㅜㅜㅜ  지금까지 아무맣 대잔치 ㅜㅜㅜ엿슴 ㅜㅜㅜ,2017-12-26 11:42:00,0,0,0,흥킁,Heung_keung0522
479,945574278807937024,"*KT에그 EGG+[8개월 사용료 무료!!]/기가지니 LTE 특가(에그+하만카돈스피커)*와이브로 전환[ 100기가+월5,500추가할인 ]**가입비/당일발송무료!/휴대폰 통신사 상관없이 사용가능 https://goo.gl/fb/jFpbJV ",2017-12-26 08:37:30,0,0,0,박칠석,x7v
480,945195518711525377,"*KT에그 EGG+[8개월 사용료 무료!!]/기가지니 LTE 특가(에그+하만카돈스피커)*와이브로 전환[ 100기가+월5,500추가할인 ]**가입비/당일발송무료!/휴대폰 통신사 상관없이 사용가능 https://goo.gl/fb/qgVA1S ",2017-12-25 07:32:27,0,0,0,박칠석,x7v
481,945177374391386114,기가지니 멍청하지만 스피커는 상당히 괜찮네,2017-12-25 06:20:21,0,0,0,루미논 카노네스~ ❄️,atLuminon
482,944750669243797505,"*KT에그 EGG+[8개월 사용료 무료!!]/기가지니 LTE 특가(에그+하만카돈스피커)*와이브로 전환[ 100기가+월5,500추가할인 ]**가입비/당일발송무료!/휴대폰 통신사 상관없이 사용가능 https://goo.gl/fb/EP7avn ",2017-12-24 02:04:46,0,0,0,박칠석,x7v
483,944010492326051842,"*KT에그 EGG+[8개월 사용료 무료!!]/기가지니 LTE 특가(에그+하만카돈스피커)*와이브로 전환[ 100기가+월5,500추가할인 ]**가입비/당일발송무료!/휴대폰 통신사 상관없이 사용가능 https://goo.gl/fb/xNKAJN ",2017-12-22 01:03:34,0,0,0,박칠석,x7v
484,943833147854278656,"*KT에그 EGG+[8개월11기가 무료!!]/기가지니 LTE(에그+하만카돈스피커)*와이브로 전환[ 100기가+월5,500추가할인 ]**가입비/당일발송무료!/휴대폰 통신사 상관없이 사용가능 https://goo.gl/fb/MSDshT ",2017-12-21 13:18:52,0,0,0,박칠석,x7v
485,943684665604562945,"[kt공식]기가지니LTE 5개월요금면제 / LTE에그 8개월면제 / 또는 15만원상당 소니블루투스스피커**와이브로 , 하이브리드 전환프로모션진행(위약금면제) 가입비면제/ 라인키즈폰2 12개월요금면제/ kt… https://goo.gl/fb/kmNir1 ",2017-12-21 03:28:51,0,0,0,박칠석,x7v
486,943635344477556736,"*KT에그 EGG+[8개월 사용료 무료!!]/기가지니 LTE 특가(에그+하만카돈스피커)*와이브로 전환[ 100기가+월5,500추가할인 ]**가입비/당일발송무료!/휴대폰 통신사 상관없이 사용가능 https://goo.gl/fb/CdN2vn ",2017-12-21 00:12:52,0,0,0,박칠석,x7v
487,943396927059750912,"*KT에그 EGG+[7개월11기가 무료!!]/기가지니 LTE(에그+하만카돈스피커)*와이브로 전환[ 100기가+월5,500추가할인 ]**가입비/당일발송무료!/휴대폰 통신사 상관없이 사용가능 https://goo.gl/fb/qXYsHi ",2017-12-20 08:25:29,0,0,0,박칠석,x7v
488,943360077469188096,"*KT에그 EGG+[7개월11기가 무료!!]/기가지니 LTE(에그+하만카돈스피커)*와이브로 전환[ 100기가+월5,500추가할인 ]**가입비/당일발송무료!/휴대폰 통신사 상관없이 사용가능 https://goo.gl/fb/jEP4R8 ",2017-12-20 05:59:03,0,0,0,박칠석,x7v
489,943134504687996932,"*KT에그 EGG+[7개월11기가 무료!!]/기가지니 LTE(에그+하만카돈스피커)*와이브로 전환[ 100기가+월5,500추가할인 ]**가입비/당일발송무료!/휴대폰 통신사 상관없이 사용가능 https://goo.gl/fb/67NhCn ",2017-12-19 15:02:43,0,0,0,박칠석,x7v
490,943121699041619969,기가지니#새로운토이#신기방기#스피커두 팡팡#애그로두 사용 한달11기가#다양한기능 공부공부 https://www.instagram.com/p/Bc4vybiDsOO/ ,2017-12-19 14:11:50,0,0,0,hyun suek. kim,kimhyumsuek
491,943024639797792768,"*KT에그 EGG+[7개월11기가 무료!!]/기가지니 LTE(에그+하만카돈스피커)*와이브로 전환[ 100기가+월5,500추가할인 ]**가입비/당일발송무료!/휴대폰 통신사 상관없이 사용가능 https://goo.gl/fb/hgdoHS ",2017-12-19 07:46:09,0,0,0,박칠석,x7v
492,942367102203199494,"*KT에그 EGG+[ 7개월 11기가 무료!! ]/기가지니 LTE(에그+하만카돈스피커)0원!! *와이브로 전환[ 100기가+월5,500추가할인 ]**가입비/당일발송무료!/휴대폰 통신사 상관없이 사용가능 https://goo.gl/fb/8E1r7r ",2017-12-17 12:13:20,0,0,0,박칠석,x7v
493,942209898766651392,"*KT에그 EGG+[ 7개월 11기가 무료!! ]/기가지니 LTE(에그+하만카돈스피커)0원!! *와이브로 전환[ 100기가+월5,500추가할인 ]**가입비/당일발송무료!/휴대폰 통신사 상관없이 사용가능 https://goo.gl/fb/G6nHJQ ",2017-12-17 01:48:39,0,0,0,박칠석,x7v
494,940811599337619456,"[ 바람나그네 ] 기가지니 LTE, AI스피커. 특별한 그 무언가를 찾아보자 http://fmpenter.com/3748 ",2017-12-13 05:12:19,2,2,0,김영삼(대중문화평론가),fmpenter
495,939631289358884864,기가지니 LTE 하만카돈 품은 인공지능 스피커 http://blingyue.com/221159360599 ,2017-12-09 23:02:11,0,0,0,블링유에,blingyue
496,938986027514937345,"가장 최근에 나온 인공지능 스피커이자, 언제 어디서나 쓸 수 있는 인공지능 스피커인
기가지니 LTE를 조금 뒤늦게 살펴봤습니다.
LTE를 끼얹으니 확실히 사용성이 나아진 느낌이네요. http://bit.ly/2iBXEHk ",2017-12-08 04:18:09,0,0,0,레이니아,Reinia_
497,938770231509491712,"국내 유일 LTE 기반의 인공지능(AI) 스피커 ‘기가지니 LTE’
화자식별 기능 제공, 서비스 SDK 오픈, AI 엔진 오픈
https://www.youtube.com/watch?v=D1rDaudcDP8 …",2017-12-07 14:00:39,0,0,0,JeongJinWook,happygrammer
498,937908827910893568,kt에서 출시한 인공지능 스피커 기가지니LTE 사용후기 입니다. 다른 인공지능 스피커와 차이는 모바일 통신을 사용하는 점과  휴대성이 좋으며 에그와 같은 라우터 기능을 가지고 있는 부분입니다. #기가지니... http://fb.me/9VUcrZWvW ,2017-12-05 04:57:44,0,0,0,Raycat,raycatnet
499,937696478100905989,인공지능 스피커 기가지니 LTE 간단 테스트: http://youtu.be/SaL5MqDi9js?a  (@YouTube),2017-12-04 14:53:56,0,0,0,Raycat,raycatnet
500,936528718645694465,"이제
스피커를 팔라하네.?
앙기모띠
에그기능되고 기가지니되고
블루투스스피커 다되는 기가지니LTE하세오.. pic.twitter.com/pAxHDJXxSY",2017-12-01 09:33:41,0,4,0,만디,minjisong1997
501,936022781887627264,인공지능 AI 스피커 기가지니 LTE 사용기 및 KT 혜택 http://bijouhome.co.kr/221151699474 ,2017-11-30 00:03:16,0,0,0,최윤정,heena_mom
502,936014943085780992,http://khaiyang.com  -집 가출한 인공지능 스피커? 기가지니 LTE 장점 4가지      http://www.khaiyang.com/3585 ,2017-11-29 23:32:07,0,0,0,khai,khaiyang
503,935662140106477568,기가지니 LTE 후기. AI 스피커와 LTE 에그의 만남 http://mobano.net/2308 ,2017-11-29 00:10:12,0,0,0,모바노,mobano_net
504,935544001926541313,올레 기가지니 신제품이 LTE내장이라 대체 TV셋탑박스가 왜? 했더니 셋탑 기능은 없는 걍 스피커인가보군...,2017-11-28 16:20:46,0,0,0,Cailia,cailia
505,935295234736496640,하만카돈 AI 스피커 인공지능 KT 기가지니 LTE (GiGA Genie) http://blog.naver.com/kimcoco1/221150202671 …,2017-11-27 23:52:15,0,0,0,DongHwan Lee,kimcoco1
506,935042180753715200,움직이는 인공지능 스피커 기가지니 LTE 패밀리 3종 출시~  http://bijouhome.co.kr/221149662379 ,2017-11-27 07:06:42,0,0,0,최윤정,heena_mom
507,934942575059804160,LTE에 하만카돈까지? 인공지능 스피커 KT 기가지니 LTE http://funfunhan.com/2475571 ,2017-11-27 00:30:54,0,0,0,영댕이,funfunhan
508,934735852634226688,휴대용 인공지능 스피커! KT 기가지니 LTE 사용기! http://realog.net/1882 ,2017-11-26 10:49:28,0,0,0,Hwang Hyun (악랄가츠),realognet
509,934078211188838407,"지능형 개인비서는 스피커형으로 출시돼 사용자와 소통하며 사용자 맞춤형으로 진화중...
음성 인식 앱 : 애플 시리, MS코타나, 아마존 알렉사, 삼성 빅스비
스피커형 : 아마존 에코/탭/닷, 구글홈, 애플 홈팟, KT 기가지니, SKT 누구
텍스트형 : 페이스북M, 구글 알로
http://www.stepi.re.kr/module/publishDownFile.jsp?categCd=A0502&ntNo=129 …",2017-11-24 15:16:14,0,2,0,JeongJinWook,happygrammer
510,933962721044942853,KT 인공지능 스피커 기가지니 패밀리 발표 인공지능 스피커도 점점 그 영역을 확대하고 있음을 알 수 있는 자리였는데 유일하게 LTE 통신을 기반으로 한 기가지니LTE를 먼저 만나보고 왔네요. #기가지니... http://fb.me/ApebiuWl ,2017-11-24 07:37:19,0,0,0,Raycat,raycatnet
511,933924321046577152,KT 기가지니 LTE 출시. LTE 에그 품은 AI스피커 http://mobano.net/2304 ,2017-11-24 05:04:44,0,0,0,모바노,mobano_net
512,933861564393951232,"[얼리어답터] 움직이는 인공지능, 기가지니 LTE – 인공지능 스피커에 LTE를 끼얹으면? http://ift.tt/2A3sh2C  #IT #gadget #blog #earlyadopter",2017-11-24 00:55:21,0,0,0,Mizisu 미지수,mizisu
513,933843991526813696,"“AI 스피커 이제 집밖으로”…KT, ‘기가지니 LTE’ 출시 - 케이티가 집밖에서도 이용이 가능한 엘티이(LTE) 기반의 인공지능(AI)스피커 ‘기가지니 엘티이’를 23일 출시했다. 작은 크기의 ‘... http://ow.ly/wH9850flqQh ",2017-11-23 23:45:32,0,0,0,한국 뉴스 NewsWaver,KR_NewsWaver
514,933830985006723072,"https://goo.gl/D6WWJF  KT 인공지능(AI) 스피커, 기가지니 LTE 출시: 

올해 초 기가지니를 출시하며 홈 인공지능 시대를 열었던 KT가 누구나 어디에서든 즐길 수 ...",2017-11-23 22:53:51,0,0,0,웹드로우,webdrawkr
515,933830506692710400,"KT, 국내 유일 인공지능 LTE 스피커 '기가지니 LTE' 출시.. 가격 26만4000원: 23일 KT에서 음성인식 인공지능(AI) 스피커 '기가지니 LTE'를… https://goo.gl/fb/DREHxN ",2017-11-23 22:51:57,0,0,0,정현웅,dohcjhw
516,933603446766288896,"[다나와]KT, LTE 기반 휴대형 인공지능 스피커 출시...‘기가지니 LTE’ http://blog.naver.com/gukppa/221146819622 …",2017-11-23 07:49:41,0,0,0,banguman1234,banguman1234
517,933586287470174208,"KT, 최초 LTE 기반 AI 스피커 '기가지니' 출시 http://biz.khan.co.kr/khan_art_view.html?artid=201711231448001&code=920100 …

AI 스피커에 LTE 통신 기능을 탑재한 것은 세계 최초다. 타사 제품은 와이파이 환경에서만 이용할 수 있지만 이 제품은 LTE 통신망만 있으면 어디서든 이용할 수 있다.",2017-11-23 06:41:30,0,0,0,"꽃대군[사람이 먼저다,,!]",pjm6049
518,933571457002520576,"집밖으로 나간 AI 스피커…KT, '기가지니 LTE' 출시(종합) https://www.msn.com/ko-kr/news/techandscience/%ec%a7%91%eb%b0%96%ec%9c%bc%eb%a1%9c-%eb%82%98%ea%b0%84-ai-%ec%8a%a4%ed%94%bc%ec%bb%a4%e2%80%a6kt-%ea%b8%b0%ea%b0%80%ec%a7%80%eb%8b%88-lte-%ec%b6%9c%ec%8b%9c-%ec%a2%85%ed%95%a9/ar-BBFw8HR?ocid=iehp …",2017-11-23 05:42:34,0,0,0,krsuncom,krsuncom
519,933570492471971840,"[현장에서] KT, 국내 유일 LTE AI 스피커 '기가지니 LTE' 공개 - 뉴시안 http://www.newsian.co.kr/news/articleView.html?idxno=29198 …",2017-11-23 05:38:44,0,0,0,뉴시안,newsian1
520,933547286256279552,"KT가 인공지능(AI) 고도화를 위해 데이터 입수 통로를 넓힌다. 휴대용 AI 스피커와 에그, 스마트시계를 선보인다.

23일 KT는 서울 광화문 KT스퀘어에서 기자간담회를 열고 ‘기가지니’ 신제품... http://fb.me/65pMBVlUe ",2017-11-23 04:06:32,0,0,0,DDAILY,DIGITALDAILY
521,933517624566194176,"포터블 AI(인공지능) 스피커가 나타났다. 기가지니 LTE 리뷰
http://go.shr.lc/2zeFfa5 ",2017-11-23 02:08:40,0,0,0,붕어IQ,myth9story
522,933506781711437825,"어디서나 지능형 대화로 차별화, 인공지능(AI) ‘기가지니 LTE’ 출시

KT, ‘국내 유일 LTE AI 스피커로 ‘기가지니 버디’, AI를 적용한 어린이용 스마트워치 ‘기가지니 키즈워치’ 3종의 신규 상품을 선보였다.
http://www.aitimes.kr/news/articleView.html?idxno=11042 …pic.twitter.com/cSddk2wBZi",2017-11-23 01:25:35,0,0,0,인공지능신문/AI TIMES,AITIMES1
523,933503914959351808,"리얼 포터블 인공지능 스피커, KT 기가지니 LTE https://goo.gl/fb/zFp8Gy ",2017-11-23 01:14:11,0,0,0,Kim Ki Su,kimguns
